-- MySQL dump 10.13  Distrib 5.7.24, for osx11.1 (x86_64)
--
-- Host: localhost    Database: unitpay
-- ------------------------------------------------------
-- Server version	8.0.41

/*!40101 SET @OLD_CHARACTER_SET_CLIENT=@@CHARACTER_SET_CLIENT */;
/*!40101 SET @OLD_CHARACTER_SET_RESULTS=@@CHARACTER_SET_RESULTS */;
/*!40101 SET @OLD_COLLATION_CONNECTION=@@COLLATION_CONNECTION */;
/*!40101 SET NAMES utf8 */;
/*!40103 SET @OLD_TIME_ZONE=@@TIME_ZONE */;
/*!40103 SET TIME_ZONE='+00:00' */;
/*!40014 SET @OLD_UNIQUE_CHECKS=@@UNIQUE_CHECKS, UNIQUE_CHECKS=0 */;
/*!40014 SET @OLD_FOREIGN_KEY_CHECKS=@@FOREIGN_KEY_CHECKS, FOREIGN_KEY_CHECKS=0 */;
/*!40101 SET @OLD_SQL_MODE=@@SQL_MODE, SQL_MODE='NO_AUTO_VALUE_ON_ZERO' */;
/*!40111 SET @OLD_SQL_NOTES=@@SQL_NOTES, SQL_NOTES=0 */;

--
-- Table structure for table `lps`
--

DROP TABLE IF EXISTS `lps`;
/*!40101 SET @saved_cs_client     = @@character_set_client */;
/*!40101 SET character_set_client = utf8 */;
CREATE TABLE `lps` (
  `id` int NOT NULL AUTO_INCREMENT,
  `walletAddress` varchar(255) COLLATE utf8mb4_unicode_ci NOT NULL,
  `name` varchar(255) COLLATE utf8mb4_unicode_ci DEFAULT '',
  `email` varchar(255) COLLATE utf8mb4_unicode_ci DEFAULT '',
  `supportedPlatforms` json DEFAULT NULL,
  `totalQuota` float NOT NULL,
  `availableQuota` float NOT NULL,
  `lockedQuota` float DEFAULT '0',
  `perTransactionQuota` float NOT NULL,
  `isVerified` tinyint(1) DEFAULT '0',
  `isActive` tinyint(1) DEFAULT '1',
  `createdAt` datetime DEFAULT NULL,
  `updatedAt` datetime DEFAULT NULL,
  `totalTransactions` int DEFAULT '0',
  `totalAmount` float DEFAULT '0',
  `successfulTransactions` int DEFAULT '0',
  `failedTransactions` int DEFAULT '0',
  `averageResponseTime` float DEFAULT '0',
  `rating` float DEFAULT '5',
  `paypalEmail` varchar(255) COLLATE utf8mb4_unicode_ci DEFAULT '',
  PRIMARY KEY (`id`),
  UNIQUE KEY `walletAddress` (`walletAddress`),
  UNIQUE KEY `walletAddress_2` (`walletAddress`),
  UNIQUE KEY `walletAddress_3` (`walletAddress`),
  UNIQUE KEY `walletAddress_4` (`walletAddress`),
  UNIQUE KEY `walletAddress_5` (`walletAddress`),
  UNIQUE KEY `walletAddress_6` (`walletAddress`),
  UNIQUE KEY `walletAddress_7` (`walletAddress`),
  UNIQUE KEY `walletAddress_8` (`walletAddress`),
  UNIQUE KEY `walletAddress_9` (`walletAddress`),
  UNIQUE KEY `walletAddress_10` (`walletAddress`),
  UNIQUE KEY `walletAddress_11` (`walletAddress`),
  UNIQUE KEY `walletAddress_12` (`walletAddress`),
  UNIQUE KEY `walletAddress_13` (`walletAddress`),
  UNIQUE KEY `walletAddress_14` (`walletAddress`),
  UNIQUE KEY `walletAddress_15` (`walletAddress`),
  UNIQUE KEY `walletAddress_16` (`walletAddress`),
  UNIQUE KEY `walletAddress_17` (`walletAddress`),
  UNIQUE KEY `walletAddress_18` (`walletAddress`),
  UNIQUE KEY `walletAddress_19` (`walletAddress`),
  UNIQUE KEY `walletAddress_20` (`walletAddress`),
  UNIQUE KEY `walletAddress_21` (`walletAddress`),
  UNIQUE KEY `walletAddress_22` (`walletAddress`),
  UNIQUE KEY `walletAddress_23` (`walletAddress`),
  UNIQUE KEY `walletAddress_24` (`walletAddress`),
  UNIQUE KEY `walletAddress_25` (`walletAddress`),
  UNIQUE KEY `walletAddress_26` (`walletAddress`),
  UNIQUE KEY `walletAddress_27` (`walletAddress`),
  UNIQUE KEY `walletAddress_28` (`walletAddress`),
  UNIQUE KEY `walletAddress_29` (`walletAddress`),
  UNIQUE KEY `walletAddress_30` (`walletAddress`),
  UNIQUE KEY `walletAddress_31` (`walletAddress`),
  UNIQUE KEY `walletAddress_32` (`walletAddress`),
  UNIQUE KEY `walletAddress_33` (`walletAddress`),
  UNIQUE KEY `walletAddress_34` (`walletAddress`),
  UNIQUE KEY `walletAddress_35` (`walletAddress`),
  UNIQUE KEY `walletAddress_36` (`walletAddress`),
  UNIQUE KEY `walletAddress_37` (`walletAddress`),
  UNIQUE KEY `walletAddress_38` (`walletAddress`),
  UNIQUE KEY `walletAddress_39` (`walletAddress`),
  UNIQUE KEY `walletAddress_40` (`walletAddress`),
  UNIQUE KEY `walletAddress_41` (`walletAddress`),
  UNIQUE KEY `walletAddress_42` (`walletAddress`),
  UNIQUE KEY `walletAddress_43` (`walletAddress`),
  UNIQUE KEY `walletAddress_44` (`walletAddress`),
  UNIQUE KEY `walletAddress_45` (`walletAddress`),
  UNIQUE KEY `walletAddress_46` (`walletAddress`),
  UNIQUE KEY `walletAddress_47` (`walletAddress`),
  UNIQUE KEY `walletAddress_48` (`walletAddress`),
  UNIQUE KEY `walletAddress_49` (`walletAddress`),
  UNIQUE KEY `walletAddress_50` (`walletAddress`),
  UNIQUE KEY `walletAddress_51` (`walletAddress`),
  UNIQUE KEY `walletAddress_52` (`walletAddress`),
  UNIQUE KEY `walletAddress_53` (`walletAddress`),
  UNIQUE KEY `walletAddress_54` (`walletAddress`),
  UNIQUE KEY `walletAddress_55` (`walletAddress`),
  UNIQUE KEY `walletAddress_56` (`walletAddress`),
  UNIQUE KEY `walletAddress_57` (`walletAddress`),
  UNIQUE KEY `walletAddress_58` (`walletAddress`),
  UNIQUE KEY `walletAddress_59` (`walletAddress`),
  UNIQUE KEY `walletAddress_60` (`walletAddress`),
  UNIQUE KEY `walletAddress_61` (`walletAddress`),
  UNIQUE KEY `walletAddress_62` (`walletAddress`),
  UNIQUE KEY `walletAddress_63` (`walletAddress`)
) ENGINE=InnoDB AUTO_INCREMENT=4 DEFAULT CHARSET=utf8mb4 COLLATE=utf8mb4_unicode_ci;
/*!40101 SET character_set_client = @saved_cs_client */;

--
-- Dumping data for table `lps`
--

LOCK TABLES `lps` WRITE;
/*!40000 ALTER TABLE `lps` DISABLE KEYS */;
INSERT INTO `lps` VALUES (2,'0xed4c2576a79d1bb10f9076a69b7def188a97909a','111','5333@qq.com','[\"PayPal\", \"GCash\", \"Alipay\", \"WeChat\"]',1000,700,300,100,1,1,'2025-04-08 03:42:06','2025-04-10 13:46:51',0,0,0,0,0,5,''),(3,'0xb5049c47ede1f3ff0575d396d57b4c6a1ecef556','testfrog','125574923@qq.com','[\"PayPal\", \"GCash\", \"Alipay\"]',10000,7450,2550,150,1,1,'2025-04-08 13:28:39','2025-04-12 14:53:09',0,0,0,0,0,5,'sb-5y43434339921146@personal.example.com');
/*!40000 ALTER TABLE `lps` ENABLE KEYS */;
UNLOCK TABLES;

--
-- Table structure for table `payment_intents`
--

DROP TABLE IF EXISTS `payment_intents`;
/*!40101 SET @saved_cs_client     = @@character_set_client */;
/*!40101 SET character_set_client = utf8 */;
CREATE TABLE `payment_intents` (
  `id` int NOT NULL AUTO_INCREMENT,
  `amount` float NOT NULL,
  `currency` varchar(10) COLLATE utf8mb4_unicode_ci DEFAULT 'CNY',
  `description` text COLLATE utf8mb4_unicode_ci,
  `platform` enum('PayPal','GCash','Alipay','WeChat','Other') COLLATE utf8mb4_unicode_ci NOT NULL DEFAULT 'Other',
  `merchantInfo` json DEFAULT NULL,
  `userWalletAddress` varchar(42) COLLATE utf8mb4_unicode_ci NOT NULL,
  `userId` int DEFAULT NULL,
  `lpWalletAddress` varchar(42) COLLATE utf8mb4_unicode_ci DEFAULT NULL,
  `lpId` int DEFAULT NULL,
  `status` enum('created','claimed','paid','confirmed','settled','cancelled','expired','failed','refunded','reversed','processing','pending_review') COLLATE utf8mb4_unicode_ci DEFAULT 'created',
  `statusHistory` json DEFAULT NULL,
  `paymentProof` json DEFAULT NULL,
  `settlementTxHash` varchar(255) COLLATE utf8mb4_unicode_ci DEFAULT NULL,
  `expiresAt` datetime DEFAULT NULL,
  `createdAt` datetime DEFAULT NULL,
  `updatedAt` datetime DEFAULT NULL,
  `errorDetails` json DEFAULT NULL COMMENT '存储详细的错误信息',
  `processingDetails` json DEFAULT NULL COMMENT '存储处理过程中的详细信息',
  `merchant_paypal_email` varchar(255) COLLATE utf8mb4_unicode_ci DEFAULT NULL COMMENT '商家PayPal邮箱',
  PRIMARY KEY (`id`),
  KEY `userId` (`userId`),
  KEY `lpId` (`lpId`),
  CONSTRAINT `payment_intents_ibfk_125` FOREIGN KEY (`userId`) REFERENCES `users` (`id`) ON UPDATE CASCADE,
  CONSTRAINT `payment_intents_ibfk_126` FOREIGN KEY (`lpId`) REFERENCES `lps` (`id`) ON UPDATE CASCADE
) ENGINE=InnoDB AUTO_INCREMENT=161 DEFAULT CHARSET=utf8mb4 COLLATE=utf8mb4_unicode_ci;
/*!40101 SET character_set_client = @saved_cs_client */;

--
-- Dumping data for table `payment_intents`
--

LOCK TABLES `payment_intents` WRITE;
/*!40000 ALTER TABLE `payment_intents` DISABLE KEYS */;
INSERT INTO `payment_intents` VALUES (1,100,'CNY','通过UnitPay支付','WeChat','{\"id\": \"TEST_MERCHANT_001\", \"name\": \"测试商户\", \"accountId\": \"TEST_ACCOUNT_001\", \"qrCodeContent\": \"{\\\"p\\\":\\\"W\\\",\\\"m\\\":\\\"TEST_MERCHANT_001\\\",\\\"n\\\":\\\"测试商户\\\",\\\"a\\\":\\\"TEST_ACCOUNT_001\\\",\\\"v\\\":\\\"100.00\\\"}\"}','0xed4c2576a79d1bb10f9076a69b7def188a97909a',1,NULL,NULL,'cancelled','[{\"note\": \"用户创建支付意图\", \"status\": \"created\", \"timestamp\": \"2025-04-07T14:49:50.366Z\"}, {\"note\": \"用户 0xed4c2576a79d1bb10f9076a69b7def188a97909a 取消支付意图\", \"status\": \"cancelled\", \"timestamp\": \"2025-04-08T02:27:07.225Z\"}]','{}',NULL,'2025-04-08 14:49:50','2025-04-07 14:49:50','2025-04-08 02:27:07',NULL,NULL,NULL),(2,100,'CNY','通过UnitPay支付','WeChat','{\"id\": \"\", \"name\": \"\", \"accountId\": \"\", \"qrCodeContent\": \"{\\\"p\\\":\\\"W\\\",\\\"m\\\":\\\"TEST_MERCHANT_001\\\",\\\"n\\\":\\\"测试商户\\\",\\\"a\\\":\\\"TEST_ACCOUNT_001\\\",\\\"v\\\":\\\"100.00\\\"}\"}','0xed4c2576a79d1bb10f9076a69b7def188a97909a',1,'0xed4c2576a79d1bb10f9076a69b7def188a97909a',2,'expired','[{\"note\": \"用户创建支付意图\", \"status\": \"created\", \"timestamp\": \"2025-04-07T15:06:27.859Z\"}, {\"note\": \"LP 0xed4c2576a79d1bb10f9076a69b7def188a97909a 认领任务\", \"status\": \"claimed\", \"timestamp\": \"2025-04-08T06:01:40.506Z\"}]','{}',NULL,'2025-04-08 06:31:40','2025-04-07 15:06:27','2025-04-10 13:46:51',NULL,NULL,NULL),(3,100,'CNY','通过UnitPay支付','WeChat','{\"id\": \"TEST_MERCHANT_001\", \"name\": \"测试商户\", \"accountId\": \"TEST_ACCOUNT_001\", \"qrCodeContent\": \"{\\\"p\\\":\\\"W\\\",\\\"m\\\":\\\"TEST_MERCHANT_001\\\",\\\"n\\\":\\\"测试商户\\\",\\\"a\\\":\\\"TEST_ACCOUNT_001\\\",\\\"v\\\":\\\"100.00\\\"}\"}','0xed4c2576a79d1bb10f9076a69b7def188a97909a',1,'0xed4c2576a79d1bb10f9076a69b7def188a97909a',2,'paid','[{\"note\": \"用户创建支付意图\", \"status\": \"created\", \"timestamp\": \"2025-04-07T15:08:08.254Z\"}, {\"note\": \"LP 0xed4c2576a79d1bb10f9076a69b7def188a97909a 认领任务\", \"status\": \"claimed\", \"timestamp\": \"2025-04-08T06:01:47.205Z\"}, {\"note\": \"LP 0xed4c2576a79d1bb10f9076a69b7def188a97909a 标记任务已支付\", \"status\": \"paid\", \"timestamp\": \"2025-04-08T06:03:44.864Z\", \"paymentProof\": {\"notes\": \"由LP手动确认支付\", \"method\": \"manual\", \"timestamp\": \"2025-04-08T06:03:44.628Z\"}}]','{\"notes\": \"由LP手动确认支付\", \"method\": \"manual\", \"timestamp\": \"2025-04-08T06:03:44.628Z\"}',NULL,'2025-04-08 06:31:47','2025-04-07 15:08:08','2025-04-08 06:03:44',NULL,NULL,NULL),(4,100,'CNY','通过UnitPay支付','WeChat','{\"id\": \"TEST_MERCHANT_001\", \"name\": \"测试商户\", \"platform\": \"WeChat\", \"accountId\": \"TEST_ACCOUNT_001\", \"qrCodeContent\": \"{\\\"p\\\":\\\"W\\\",\\\"m\\\":\\\"TEST_MERCHANT_001\\\",\\\"n\\\":\\\"测试商户\\\",\\\"a\\\":\\\"TEST_ACCOUNT_001\\\",\\\"v\\\":\\\"100.00\\\"}\"}','0xed4c2576a79d1bb10f9076a69b7def188a97909a',1,NULL,NULL,'expired','[{\"note\": \"用户创建支付意图\", \"status\": \"created\", \"timestamp\": \"2025-04-08T01:37:54.050Z\"}]','{}',NULL,'2025-04-09 01:37:54','2025-04-08 01:37:54','2025-04-10 13:47:01',NULL,NULL,NULL),(5,100,'CNY','通过UnitPay支付','WeChat','{\"id\": \"TEST_MERCHANT_001\", \"name\": \"测试商户\", \"platform\": \"WeChat\", \"accountId\": \"TEST_ACCOUNT_001\", \"qrCodeContent\": \"{\\\"p\\\":\\\"W\\\",\\\"m\\\":\\\"TEST_MERCHANT_001\\\",\\\"n\\\":\\\"测试商户\\\",\\\"a\\\":\\\"TEST_ACCOUNT_001\\\",\\\"v\\\":\\\"100.00\\\"}\"}','0xed4c2576a79d1bb10f9076a69b7def188a97909a',1,NULL,NULL,'expired','[{\"note\": \"用户创建支付意图\", \"status\": \"created\", \"timestamp\": \"2025-04-08T01:42:42.711Z\"}]',NULL,NULL,'2025-04-09 01:42:42','2025-04-08 01:42:42','2025-04-10 13:47:11',NULL,NULL,NULL),(6,100,'CNY','通过UnitPay支付','WeChat','{\"id\": \"TEST_MERCHANT_001\", \"name\": \"测试商户\", \"platform\": \"WeChat\", \"accountId\": \"TEST_ACCOUNT_001\", \"qrCodeContent\": \"{\\\"p\\\":\\\"W\\\",\\\"m\\\":\\\"TEST_MERCHANT_001\\\",\\\"n\\\":\\\"测试商户\\\",\\\"a\\\":\\\"TEST_ACCOUNT_001\\\",\\\"v\\\":\\\"100.00\\\"}\"}','0xed4c2576a79d1bb10f9076a69b7def188a97909a',1,NULL,NULL,'expired','[{\"note\": \"用户创建支付意图\", \"status\": \"created\", \"timestamp\": \"2025-04-08T01:44:17.243Z\"}]',NULL,NULL,'2025-04-09 01:44:17','2025-04-08 01:44:17','2025-04-10 13:47:21',NULL,NULL,NULL),(7,100,'CNY','通过UnitPay支付','WeChat','{\"id\": \"TEST_MERCHANT_001\", \"name\": \"测试商户\", \"platform\": \"WeChat\", \"accountId\": \"TEST_ACCOUNT_001\", \"qrCodeContent\": \"{\\\"p\\\":\\\"W\\\",\\\"m\\\":\\\"TEST_MERCHANT_001\\\",\\\"n\\\":\\\"测试商户\\\",\\\"a\\\":\\\"TEST_ACCOUNT_001\\\",\\\"v\\\":\\\"100.00\\\"}\"}','0xed4c2576a79d1bb10f9076a69b7def188a97909a',1,NULL,NULL,'expired','[{\"note\": \"用户创建支付意图\", \"status\": \"created\", \"timestamp\": \"2025-04-08T01:48:04.857Z\"}]',NULL,NULL,'2025-04-09 01:48:04','2025-04-08 01:48:04','2025-04-10 13:47:31',NULL,NULL,NULL),(8,100,'CNY','通过UnitPay支付','WeChat','{\"id\": \"TEST_MERCHANT_001\", \"name\": \"测试商户\", \"platform\": \"WeChat\", \"accountId\": \"TEST_ACCOUNT_001\", \"qrCodeContent\": \"{\\\"p\\\":\\\"W\\\",\\\"m\\\":\\\"TEST_MERCHANT_001\\\",\\\"n\\\":\\\"测试商户\\\",\\\"a\\\":\\\"TEST_ACCOUNT_001\\\",\\\"v\\\":\\\"100.00\\\"}\"}','0xed4c2576a79d1bb10f9076a69b7def188a97909a',1,NULL,NULL,'expired','[{\"note\": \"用户创建支付意图\", \"status\": \"created\", \"timestamp\": \"2025-04-08T01:51:09.656Z\"}]',NULL,NULL,'2025-04-09 01:51:09','2025-04-08 01:51:09','2025-04-10 13:47:41',NULL,NULL,NULL),(9,100,'CNY','通过UnitPay支付','WeChat','{\"id\": \"TEST_MERCHANT_001\", \"name\": \"测试商户\", \"platform\": \"WeChat\", \"accountId\": \"TEST_ACCOUNT_001\", \"qrCodeContent\": \"{\\\"p\\\":\\\"W\\\",\\\"m\\\":\\\"TEST_MERCHANT_001\\\",\\\"n\\\":\\\"测试商户\\\",\\\"a\\\":\\\"TEST_ACCOUNT_001\\\",\\\"v\\\":\\\"100.00\\\"}\"}','0xed4c2576a79d1bb10f9076a69b7def188a97909a',1,NULL,NULL,'expired','[{\"note\": \"用户创建支付意图\", \"status\": \"created\", \"timestamp\": \"2025-04-08T01:53:24.204Z\"}]',NULL,NULL,'2025-04-09 01:53:24','2025-04-08 01:53:24','2025-04-10 13:47:51',NULL,NULL,NULL),(10,100,'CNY','通过UnitPay支付','WeChat','{\"id\": \"TEST_MERCHANT_001\", \"name\": \"测试商户\", \"platform\": \"WeChat\", \"accountId\": \"TEST_ACCOUNT_001\", \"qrCodeContent\": \"{\\\"p\\\":\\\"W\\\",\\\"m\\\":\\\"TEST_MERCHANT_001\\\",\\\"n\\\":\\\"测试商户\\\",\\\"a\\\":\\\"TEST_ACCOUNT_001\\\",\\\"v\\\":\\\"100.00\\\"}\"}','0xed4c2576a79d1bb10f9076a69b7def188a97909a',1,NULL,NULL,'expired','[{\"note\": \"系统自动处理: 订单已过期\", \"status\": \"expired\", \"timestamp\": \"2025-04-10T13:48:01.612Z\"}]',NULL,NULL,'2025-04-08 02:27:21','2025-04-08 01:57:21','2025-04-10 13:48:01',NULL,NULL,NULL),(11,100,'CNY','通过UnitPay支付','WeChat','{\"id\": \"TEST_MERCHANT_001\", \"name\": \"测试商户\", \"platform\": \"WeChat\", \"accountId\": \"TEST_ACCOUNT_001\", \"qrCodeContent\": \"{\\\"p\\\":\\\"W\\\",\\\"m\\\":\\\"TEST_MERCHANT_001\\\",\\\"n\\\":\\\"测试商户\\\",\\\"a\\\":\\\"TEST_ACCOUNT_001\\\",\\\"v\\\":\\\"100.00\\\"}\"}','0xed4c2576a79d1bb10f9076a69b7def188a97909a',1,NULL,NULL,'expired','[{\"note\": \"系统自动处理: 订单已过期\", \"status\": \"expired\", \"timestamp\": \"2025-04-10T13:48:11.633Z\"}]',NULL,NULL,'2025-04-08 02:29:47','2025-04-08 01:59:47','2025-04-10 13:48:11',NULL,NULL,NULL),(12,100,'CNY','通过UnitPay支付','WeChat','{\"id\": \"TEST_MERCHANT_001\", \"name\": \"测试商户\", \"platform\": \"WeChat\", \"accountId\": \"TEST_ACCOUNT_001\", \"qrCodeContent\": \"{\\\"p\\\":\\\"W\\\",\\\"m\\\":\\\"TEST_MERCHANT_001\\\",\\\"n\\\":\\\"测试商户\\\",\\\"a\\\":\\\"TEST_ACCOUNT_001\\\",\\\"v\\\":\\\"100.00\\\"}\"}','0xed4c2576a79d1bb10f9076a69b7def188a97909a',1,NULL,NULL,'expired','[{\"note\": \"系统自动处理: 订单已过期\", \"status\": \"expired\", \"timestamp\": \"2025-04-10T13:48:21.711Z\"}]',NULL,NULL,'2025-04-08 02:40:14','2025-04-08 02:10:14','2025-04-10 13:48:21',NULL,NULL,NULL),(13,100,'CNY','通过UnitPay支付','WeChat','{\"id\": \"TEST_MERCHANT_001\", \"name\": \"测试商户\", \"platform\": \"WeChat\", \"accountId\": \"TEST_ACCOUNT_001\", \"qrCodeContent\": \"{\\\"p\\\":\\\"W\\\",\\\"m\\\":\\\"TEST_MERCHANT_001\\\",\\\"n\\\":\\\"测试商户\\\",\\\"a\\\":\\\"TEST_ACCOUNT_001\\\",\\\"v\\\":\\\"100.00\\\"}\"}','0xed4c2576a79d1bb10f9076a69b7def188a97909a',1,NULL,NULL,'expired','[{\"note\": \"支付意图创建\", \"status\": \"created\", \"timestamp\": \"2025-04-08T02:13:47.626Z\"}]',NULL,NULL,'2025-04-08 02:43:47','2025-04-08 02:13:47','2025-04-10 13:48:31',NULL,NULL,NULL),(14,100,'CNY','通过UnitPay支付','WeChat','{\"id\": \"TEST_MERCHANT_001\", \"name\": \"测试商户\", \"platform\": \"WeChat\", \"accountId\": \"TEST_ACCOUNT_001\", \"qrCodeContent\": \"{\\\"p\\\":\\\"W\\\",\\\"m\\\":\\\"TEST_MERCHANT_001\\\",\\\"n\\\":\\\"测试商户\\\",\\\"a\\\":\\\"TEST_ACCOUNT_001\\\",\\\"v\\\":\\\"100.00\\\"}\"}','0xed4c2576a79d1bb10f9076a69b7def188a97909a',1,NULL,NULL,'expired','[{\"note\": \"支付意图创建\", \"status\": \"created\", \"timestamp\": \"2025-04-08T02:19:40.032Z\"}]',NULL,NULL,'2025-04-08 02:49:40','2025-04-08 02:19:40','2025-04-10 13:48:41',NULL,NULL,NULL),(15,100,'CNY','通过UnitPay支付','WeChat','{\"id\": \"TEST_MERCHANT_001\", \"name\": \"测试商户\", \"platform\": \"WeChat\", \"accountId\": \"TEST_ACCOUNT_001\", \"qrCodeContent\": \"{\\\"p\\\":\\\"W\\\",\\\"m\\\":\\\"TEST_MERCHANT_001\\\",\\\"n\\\":\\\"测试商户\\\",\\\"a\\\":\\\"TEST_ACCOUNT_001\\\",\\\"v\\\":\\\"100.00\\\"}\"}','0xed4c2576a79d1bb10f9076a69b7def188a97909a',1,NULL,NULL,'cancelled','[{\"note\": \"支付意图创建\", \"status\": \"created\", \"timestamp\": \"2025-04-08T02:24:19.145Z\"}, {\"note\": \"用户 0xed4c2576a79d1bb10f9076a69b7def188a97909a 取消支付意图\", \"status\": \"cancelled\", \"timestamp\": \"2025-04-08T02:24:24.348Z\"}]',NULL,NULL,'2025-04-08 02:54:19','2025-04-08 02:24:19','2025-04-08 02:24:24',NULL,NULL,NULL),(16,100,'CNY','咖啡','WeChat','{\"id\": \"TEST_MERCHANT_001\", \"name\": \"测试商户\", \"platform\": \"WeChat\", \"accountId\": \"TEST_ACCOUNT_001\", \"qrCodeContent\": \"{\\\"p\\\":\\\"W\\\",\\\"m\\\":\\\"TEST_MERCHANT_001\\\",\\\"n\\\":\\\"测试商户\\\",\\\"a\\\":\\\"TEST_ACCOUNT_001\\\",\\\"v\\\":\\\"100.00\\\"}\"}','0xed4c2576a79d1bb10f9076a69b7def188a97909a',1,'0xed4c2576a79d1bb10f9076a69b7def188a97909a',2,'paid','[{\"note\": \"支付意图创建\", \"status\": \"created\", \"timestamp\": \"2025-04-08T02:29:59.807Z\"}, {\"note\": \"LP 0xed4c2576a79d1bb10f9076a69b7def188a97909a 认领任务\", \"status\": \"claimed\", \"timestamp\": \"2025-04-08T06:20:04.249Z\"}, {\"note\": \"LP 0xed4c2576a79d1bb10f9076a69b7def188a97909a 标记任务已支付\", \"status\": \"paid\", \"timestamp\": \"2025-04-08T07:04:00.548Z\", \"paymentProof\": {\"notes\": \"由LP手动确认支付\", \"method\": \"manual\", \"timestamp\": \"2025-04-08T07:03:57.593Z\"}}]','{\"notes\": \"由LP手动确认支付\", \"method\": \"manual\", \"timestamp\": \"2025-04-08T07:03:57.593Z\"}',NULL,'2025-04-08 06:50:04','2025-04-08 02:29:59','2025-04-08 07:04:00',NULL,NULL,NULL),(17,100,'CNY','咖啡','WeChat','{\"id\": \"TEST_MERCHANT_001\", \"name\": \"测试商户\", \"platform\": \"WeChat\", \"accountId\": \"TEST_ACCOUNT_001\", \"qrCodeContent\": \"{\\\"p\\\":\\\"W\\\",\\\"m\\\":\\\"TEST_MERCHANT_001\\\",\\\"n\\\":\\\"测试商户\\\",\\\"a\\\":\\\"TEST_ACCOUNT_001\\\",\\\"v\\\":\\\"100.00\\\"}\"}','0xed4c2576a79d1bb10f9076a69b7def188a97909a',1,NULL,NULL,'cancelled','[{\"note\": \"支付意图创建\", \"status\": \"created\", \"timestamp\": \"2025-04-08T02:30:01.982Z\"}, {\"note\": \"用户 0xed4c2576a79d1bb10f9076a69b7def188a97909a 取消支付意图\", \"status\": \"cancelled\", \"timestamp\": \"2025-04-08T02:31:09.407Z\"}]',NULL,NULL,'2025-04-08 03:00:01','2025-04-08 02:30:01','2025-04-08 02:31:09',NULL,NULL,NULL),(18,100,'CNY','咖啡','WeChat','{\"id\": \"TEST_MERCHANT_001\", \"name\": \"测试商户\", \"platform\": \"WeChat\", \"accountId\": \"TEST_ACCOUNT_001\", \"qrCodeContent\": \"{\\\"p\\\":\\\"W\\\",\\\"m\\\":\\\"TEST_MERCHANT_001\\\",\\\"n\\\":\\\"测试商户\\\",\\\"a\\\":\\\"TEST_ACCOUNT_001\\\",\\\"v\\\":\\\"100.00\\\"}\"}','0xed4c2576a79d1bb10f9076a69b7def188a97909a',1,'0xed4c2576a79d1bb10f9076a69b7def188a97909a',2,'paid','[{\"note\": \"支付意图创建\", \"status\": \"created\", \"timestamp\": \"2025-04-08T02:30:02.733Z\"}, {\"note\": \"LP 0xed4c2576a79d1bb10f9076a69b7def188a97909a 认领任务\", \"status\": \"claimed\", \"timestamp\": \"2025-04-08T05:57:43.355Z\"}, {\"note\": \"LP 0xed4c2576a79d1bb10f9076a69b7def188a97909a 标记任务已支付\", \"status\": \"paid\", \"timestamp\": \"2025-04-08T06:23:22.632Z\", \"paymentProof\": {\"notes\": \"由LP手动确认支付\", \"method\": \"manual\", \"timestamp\": \"2025-04-08T06:23:22.592Z\"}}]','{\"notes\": \"由LP手动确认支付\", \"method\": \"manual\", \"timestamp\": \"2025-04-08T06:23:22.592Z\"}',NULL,'2025-04-08 06:27:43','2025-04-08 02:30:02','2025-04-08 06:23:22',NULL,NULL,NULL),(19,100,'CNY','咖啡','WeChat','{\"id\": \"TEST_MERCHANT_001\", \"name\": \"测试商户\", \"platform\": \"WeChat\", \"accountId\": \"TEST_ACCOUNT_001\", \"qrCodeContent\": \"{\\\"p\\\":\\\"W\\\",\\\"m\\\":\\\"TEST_MERCHANT_001\\\",\\\"n\\\":\\\"测试商户\\\",\\\"a\\\":\\\"TEST_ACCOUNT_001\\\",\\\"v\\\":\\\"100.00\\\"}\"}','0xed4c2576a79d1bb10f9076a69b7def188a97909a',1,'0xed4c2576a79d1bb10f9076a69b7def188a97909a',2,'paid','[{\"note\": \"支付意图创建\", \"status\": \"created\", \"timestamp\": \"2025-04-08T02:30:03.208Z\"}, {\"note\": \"LP 0xed4c2576a79d1bb10f9076a69b7def188a97909a 认领任务\", \"status\": \"claimed\", \"timestamp\": \"2025-04-08T05:57:41.305Z\"}, {\"note\": \"LP 0xed4c2576a79d1bb10f9076a69b7def188a97909a 标记任务已支付\", \"status\": \"paid\", \"timestamp\": \"2025-04-08T06:02:19.551Z\", \"paymentProof\": {\"notes\": \"由LP手动确认支付\", \"method\": \"manual\", \"timestamp\": \"2025-04-08T06:02:19.481Z\"}}]','{\"notes\": \"由LP手动确认支付\", \"method\": \"manual\", \"timestamp\": \"2025-04-08T06:02:19.481Z\"}',NULL,'2025-04-08 06:27:41','2025-04-08 02:30:03','2025-04-08 06:02:19',NULL,NULL,NULL),(20,100,'CNY','通过UnitPay支付','GCash','{\"id\": \"TEST_MERCHANT_001\", \"name\": \"测试商户\", \"platform\": \"GCash\", \"accountId\": \"TEST_ACCOUNT_002\", \"qrCodeContent\": \"{\\\"p\\\":\\\"G\\\",\\\"m\\\":\\\"TEST_MERCHANT_001\\\",\\\"n\\\":\\\"测试商户\\\",\\\"a\\\":\\\"TEST_ACCOUNT_002\\\",\\\"v\\\":\\\"100.00\\\"}\"}','0xed4c2576a79d1bb10f9076a69b7def188a97909a',1,'0xed4c2576a79d1bb10f9076a69b7def188a97909a',2,'confirmed','[{\"note\": \"支付意图创建\", \"status\": \"created\", \"timestamp\": \"2025-04-08T02:39:49.812Z\"}, {\"note\": \"LP 0xed4c2576a79d1bb10f9076a69b7def188a97909a 认领任务\", \"status\": \"claimed\", \"timestamp\": \"2025-04-08T05:57:38.721Z\"}, {\"note\": \"LP 0xed4c2576a79d1bb10f9076a69b7def188a97909a 标记任务已支付\", \"status\": \"paid\", \"timestamp\": \"2025-04-08T06:23:10.059Z\", \"paymentProof\": {\"notes\": \"由LP手动确认支付\", \"method\": \"manual\", \"timestamp\": \"2025-04-08T06:23:10.004Z\"}}, {\"note\": \"用户 0xed4c2576a79d1bb10f9076a69b7def188a97909a 确认已收到付款\", \"status\": \"confirmed\", \"timestamp\": \"2025-04-09T01:39:02.984Z\"}, {\"note\": \"结算失败: 支付意图状态 confirmed 不可结算\", \"status\": \"settlement_failed\", \"timestamp\": \"2025-04-09T01:39:03.145Z\"}]','{}',NULL,'2025-04-08 06:27:38','2025-04-08 02:39:49','2025-04-09 01:39:03',NULL,NULL,NULL),(21,100,'CNY','通过UnitPay支付','GCash','{\"id\": \"TEST_MERCHANT_001\", \"name\": \"测试商户\", \"platform\": \"GCash\", \"accountId\": \"TEST_ACCOUNT_002\", \"qrCodeContent\": \"{\\\"p\\\":\\\"G\\\",\\\"m\\\":\\\"TEST_MERCHANT_001\\\",\\\"n\\\":\\\"测试商户\\\",\\\"a\\\":\\\"TEST_ACCOUNT_002\\\",\\\"v\\\":\\\"100.00\\\"}\"}','0xed4c2576a79d1bb10f9076a69b7def188a97909a',1,'0xed4c2576a79d1bb10f9076a69b7def188a97909a',2,'confirmed','[{\"note\": \"支付意图创建\", \"status\": \"created\", \"timestamp\": \"2025-04-08T03:25:45.862Z\"}, {\"note\": \"LP 0xed4c2576a79d1bb10f9076a69b7def188a97909a 认领任务\", \"status\": \"claimed\", \"timestamp\": \"2025-04-08T05:57:29.807Z\"}, {\"note\": \"LP 0xed4c2576a79d1bb10f9076a69b7def188a97909a 标记任务已支付\", \"status\": \"paid\", \"timestamp\": \"2025-04-08T06:02:03.142Z\", \"paymentProof\": {\"notes\": \"由LP手动确认支付\", \"method\": \"manual\", \"timestamp\": \"2025-04-08T06:02:03.100Z\"}}, {\"note\": \"用户 0xed4c2576a79d1bb10f9076a69b7def188a97909a 确认已收到付款\", \"status\": \"confirmed\", \"timestamp\": \"2025-04-08T13:24:54.772Z\"}]','{}',NULL,'2025-04-08 06:27:29','2025-04-08 03:25:45','2025-04-08 13:24:54',NULL,NULL,NULL),(22,100,'CNY','咖啡','GCash','{\"id\": \"TEST_MERCHANT_001\", \"name\": \"测试商户\", \"platform\": \"GCash\", \"accountId\": \"TEST_ACCOUNT_002\", \"qrCodeContent\": \"{\\\"p\\\":\\\"G\\\",\\\"m\\\":\\\"TEST_MERCHANT_001\\\",\\\"n\\\":\\\"测试商户\\\",\\\"a\\\":\\\"TEST_ACCOUNT_002\\\",\\\"v\\\":\\\"100.00\\\"}\"}','0xed4c2576a79d1bb10f9076a69b7def188a97909a',1,'0xb5049c47ede1f3ff0575d396d57b4c6a1ecef556',3,'paid','[{\"note\": \"支付意图创建\", \"status\": \"created\", \"timestamp\": \"2025-04-08T06:38:27.709Z\"}, {\"note\": \"LP 0xb5049c47ede1f3ff0575d396d57b4c6a1ecef556 认领任务\", \"status\": \"claimed\", \"timestamp\": \"2025-04-08T14:22:32.164Z\"}, {\"note\": \"LP 0xb5049c47ede1f3ff0575d396d57b4c6a1ecef556 标记任务已支付\", \"status\": \"paid\", \"timestamp\": \"2025-04-09T01:42:01.443Z\", \"paymentProof\": {}}]','{}',NULL,'2025-04-08 14:52:32','2025-04-08 06:38:27','2025-04-09 01:42:01',NULL,NULL,NULL),(23,100,'CNY','饭钱','GCash','{\"id\": \"TEST_MERCHANT_001\", \"name\": \"测试商户\", \"platform\": \"GCash\", \"accountId\": \"TEST_ACCOUNT_002\", \"qrCodeContent\": \"{\\\"p\\\":\\\"G\\\",\\\"m\\\":\\\"TEST_MERCHANT_001\\\",\\\"n\\\":\\\"测试商户\\\",\\\"a\\\":\\\"TEST_ACCOUNT_002\\\",\\\"v\\\":\\\"100.00\\\"}\"}','0x8a620a56a249ae03b41012897b3b1c61367caf2c',2,'0xb5049c47ede1f3ff0575d396d57b4c6a1ecef556',3,'confirmed','[{\"note\": \"支付意图创建\", \"status\": \"created\", \"timestamp\": \"2025-04-08T13:27:06.979Z\"}, {\"note\": \"LP 0xb5049c47ede1f3ff0575d396d57b4c6a1ecef556 认领任务\", \"status\": \"claimed\", \"timestamp\": \"2025-04-08T13:30:53.110Z\"}, {\"note\": \"LP 0xb5049c47ede1f3ff0575d396d57b4c6a1ecef556 标记任务已支付\", \"status\": \"paid\", \"timestamp\": \"2025-04-08T14:22:57.639Z\", \"paymentProof\": {}}, {\"note\": \"用户 0x8a620a56a249ae03b41012897b3b1c61367caf2c 确认已收到付款\", \"status\": \"confirmed\", \"timestamp\": \"2025-04-09T01:42:53.158Z\"}, {\"note\": \"结算失败: 支付意图状态 confirmed 不可结算\", \"status\": \"settlement_failed\", \"timestamp\": \"2025-04-09T01:42:53.359Z\"}]','{}',NULL,'2025-04-08 14:00:53','2025-04-08 13:27:06','2025-04-09 01:42:53',NULL,NULL,NULL),(24,100,'CNY','咖啡','GCash','{\"id\": \"TEST_MERCHANT_001\", \"name\": \"测试商户\", \"platform\": \"GCash\", \"accountId\": \"TEST_ACCOUNT_002\", \"qrCodeContent\": \"{\\\"p\\\":\\\"G\\\",\\\"m\\\":\\\"TEST_MERCHANT_001\\\",\\\"n\\\":\\\"测试商户\\\",\\\"a\\\":\\\"TEST_ACCOUNT_002\\\",\\\"v\\\":\\\"100.00\\\"}\"}','0x8a620a56a249ae03b41012897b3b1c61367caf2c',2,'0xb5049c47ede1f3ff0575d396d57b4c6a1ecef556',3,'confirmed','[{\"note\": \"支付意图创建\", \"status\": \"created\", \"timestamp\": \"2025-04-08T13:27:15.377Z\"}, {\"note\": \"LP 0xb5049c47ede1f3ff0575d396d57b4c6a1ecef556 认领任务\", \"status\": \"claimed\", \"timestamp\": \"2025-04-08T13:30:19.505Z\"}, {\"note\": \"LP 0xb5049c47ede1f3ff0575d396d57b4c6a1ecef556 标记任务已支付\", \"status\": \"paid\", \"timestamp\": \"2025-04-08T13:30:37.293Z\", \"paymentProof\": {\"notes\": \"由LP手动确认支付\", \"method\": \"manual\", \"timestamp\": \"2025-04-08T13:30:35.463Z\"}}, {\"note\": \"用户 0x8a620a56a249ae03b41012897b3b1c61367caf2c 确认已收到付款\", \"status\": \"confirmed\", \"timestamp\": \"2025-04-08T14:04:21.450Z\"}]','{}',NULL,'2025-04-08 14:00:19','2025-04-08 13:27:15','2025-04-08 14:04:21',NULL,NULL,NULL),(25,100,'CNY','咖啡','WeChat','{\"id\": \"TEST_MERCHANT_001\", \"name\": \"测试商户\", \"platform\": \"WeChat\", \"accountId\": \"TEST_ACCOUNT_001\", \"qrCodeContent\": \"{\\\"p\\\":\\\"W\\\",\\\"m\\\":\\\"TEST_MERCHANT_001\\\",\\\"n\\\":\\\"测试商户\\\",\\\"a\\\":\\\"TEST_ACCOUNT_001\\\",\\\"v\\\":\\\"100.00\\\"}\"}','0x8a620a56a249ae03b41012897b3b1c61367caf2c',2,NULL,NULL,'cancelled','[{\"note\": \"支付意图创建\", \"status\": \"created\", \"timestamp\": \"2025-04-08T13:27:23.231Z\"}, {\"note\": \"用户 0x8a620a56a249ae03b41012897b3b1c61367caf2c 取消支付意图\", \"status\": \"cancelled\", \"timestamp\": \"2025-04-08T14:12:05.565Z\"}]',NULL,NULL,'2025-04-08 13:57:23','2025-04-08 13:27:23','2025-04-08 14:12:05',NULL,NULL,NULL),(26,100,'CNY','咖啡','GCash','{\"id\": \"TEST_MERCHANT_001\", \"name\": \"测试商户\", \"platform\": \"GCash\", \"accountId\": \"TEST_ACCOUNT_002\", \"qrCodeContent\": \"{\\\"p\\\":\\\"G\\\",\\\"m\\\":\\\"TEST_MERCHANT_001\\\",\\\"n\\\":\\\"测试商户\\\",\\\"a\\\":\\\"TEST_ACCOUNT_002\\\",\\\"v\\\":\\\"100.00\\\"}\"}','0x8a620a56a249ae03b41012897b3b1c61367caf2c',2,'0xb5049c47ede1f3ff0575d396d57b4c6a1ecef556',3,'confirmed','[{\"note\": \"支付意图创建\", \"status\": \"created\", \"timestamp\": \"2025-04-08T13:27:34.682Z\"}, {\"note\": \"LP 0xb5049c47ede1f3ff0575d396d57b4c6a1ecef556 认领任务\", \"status\": \"claimed\", \"timestamp\": \"2025-04-08T13:29:27.125Z\"}, {\"note\": \"LP 0xb5049c47ede1f3ff0575d396d57b4c6a1ecef556 标记任务已支付\", \"status\": \"paid\", \"timestamp\": \"2025-04-08T13:30:28.780Z\", \"paymentProof\": {\"notes\": \"由LP手动确认支付\", \"method\": \"manual\", \"timestamp\": \"2025-04-08T13:30:25.801Z\"}}, {\"note\": \"用户 0x8a620a56a249ae03b41012897b3b1c61367caf2c 确认已收到付款\", \"status\": \"confirmed\", \"timestamp\": \"2025-04-08T13:56:10.733Z\"}]','{}',NULL,'2025-04-08 13:59:27','2025-04-08 13:27:34','2025-04-08 13:56:10',NULL,NULL,NULL),(27,100,'CNY','通过UnitPay支付','PayPal','{\"id\": \"TEST_MERCHANT_001\", \"name\": \"测试商户\", \"platform\": \"PayPal\", \"accountId\": \"TEST_ACCOUNT_002\", \"qrCodeContent\": \"{\\\"p\\\":\\\"P\\\",\\\"m\\\":\\\"TEST_MERCHANT_001\\\",\\\"n\\\":\\\"测试商户\\\",\\\"a\\\":\\\"TEST_ACCOUNT_002\\\",\\\"v\\\":\\\"100.00\\\"}\"}','0xb5049c47ede1f3ff0575d396d57b4c6a1ecef556',3,'0xb5049c47ede1f3ff0575d396d57b4c6a1ecef556',3,'paid','[{\"note\": \"支付意图创建\", \"status\": \"created\", \"timestamp\": \"2025-04-09T04:58:34.274Z\"}, {\"note\": \"LP 0xb5049c47ede1f3ff0575d396d57b4c6a1ecef556 认领任务\", \"status\": \"claimed\", \"timestamp\": \"2025-04-09T04:58:44.177Z\"}, {\"note\": \"LP 0xb5049c47ede1f3ff0575d396d57b4c6a1ecef556 标记任务已支付\", \"status\": \"paid\", \"timestamp\": \"2025-04-09T04:58:49.342Z\", \"paymentProof\": {\"timestamp\": \"2025-04-09T04:58:49.337Z\", \"description\": \"LP 0xb5049c47ede1f3ff0575d396d57b4c6a1ecef556 已支付\"}}]','{\"timestamp\": \"2025-04-09T04:58:49.337Z\", \"description\": \"LP 0xb5049c47ede1f3ff0575d396d57b4c6a1ecef556 已支付\"}',NULL,'2025-04-09 05:28:44','2025-04-09 04:58:34','2025-04-09 04:58:49',NULL,NULL,NULL),(28,100,'CNY','通过UnitPay支付','PayPal','{\"id\": \"TEST_MERCHANT_001\", \"name\": \"测试商户\", \"platform\": \"PayPal\", \"accountId\": \"TEST_ACCOUNT_002\", \"qrCodeContent\": \"{\\\"p\\\":\\\"P\\\",\\\"m\\\":\\\"TEST_MERCHANT_001\\\",\\\"n\\\":\\\"测试商户\\\",\\\"a\\\":\\\"TEST_ACCOUNT_002\\\",\\\"v\\\":\\\"100.00\\\"}\"}','0xb5049c47ede1f3ff0575d396d57b4c6a1ecef556',3,NULL,NULL,'cancelled','[{\"note\": \"支付意图创建\", \"status\": \"created\", \"timestamp\": \"2025-04-09T06:32:34.059Z\"}, {\"note\": \"用户 0xb5049c47ede1f3ff0575d396d57b4c6a1ecef556 取消支付意图\", \"status\": \"cancelled\", \"timestamp\": \"2025-04-10T05:27:01.626Z\"}]',NULL,NULL,'2025-04-09 07:02:34','2025-04-09 06:32:34','2025-04-10 05:27:01',NULL,NULL,NULL),(29,100,'CNY','通过UnitPay支付','PayPal','{\"id\": \"TEST_MERCHANT_001\", \"name\": \"测试商户\", \"platform\": \"PayPal\", \"accountId\": \"TEST_ACCOUNT_002\", \"qrCodeContent\": \"{\\\"p\\\":\\\"P\\\",\\\"m\\\":\\\"TEST_MERCHANT_001\\\",\\\"n\\\":\\\"测试商户\\\",\\\"a\\\":\\\"TEST_ACCOUNT_002\\\",\\\"v\\\":\\\"100.00\\\"}\"}','0xb5049c47ede1f3ff0575d396d57b4c6a1ecef556',3,'0xb5049c47ede1f3ff0575d396d57b4c6a1ecef556',3,'expired','[{\"note\": \"支付意图创建\", \"status\": \"created\", \"timestamp\": \"2025-04-09T06:32:39.485Z\"}, {\"note\": \"LP 0xb5049c47ede1f3ff0575d396d57b4c6a1ecef556 认领任务\", \"status\": \"claimed\", \"timestamp\": \"2025-04-09T06:33:13.720Z\"}]','{\"createTime\": \"2025-04-09T08:16:43.773Z\", \"paypalOrderId\": \"3TC95682UB378292M\"}',NULL,'2025-04-09 07:03:13','2025-04-09 06:32:39','2025-04-10 13:48:51',NULL,'{\"paypalOrderCreation\": {\"step\": \"started\", \"startTime\": \"2025-04-09T08:16:40.230Z\"}}',NULL),(30,100,'CNY','通过UnitPay支付','PayPal','{\"id\": \"TEST_MERCHANT_001\", \"name\": \"测试商户\", \"platform\": \"PayPal\", \"accountId\": \"TEST_ACCOUNT_002\", \"qrCodeContent\": \"{\\\"p\\\":\\\"P\\\",\\\"m\\\":\\\"TEST_MERCHANT_001\\\",\\\"n\\\":\\\"测试商户\\\",\\\"a\\\":\\\"TEST_ACCOUNT_002\\\",\\\"v\\\":\\\"100.00\\\"}\"}','0xb5049c47ede1f3ff0575d396d57b4c6a1ecef556',3,'0xb5049c47ede1f3ff0575d396d57b4c6a1ecef556',3,'paid','[{\"note\": \"支付意图创建\", \"status\": \"created\", \"timestamp\": \"2025-04-09T06:32:45.572Z\"}, {\"note\": \"LP 0xb5049c47ede1f3ff0575d396d57b4c6a1ecef556 认领任务\", \"status\": \"claimed\", \"timestamp\": \"2025-04-09T06:33:11.047Z\"}, {\"note\": \"LP 0xb5049c47ede1f3ff0575d396d57b4c6a1ecef556 标记任务已支付\", \"status\": \"paid\", \"timestamp\": \"2025-04-09T06:34:11.380Z\", \"paymentProof\": {\"notes\": \"\", \"platform\": \"PayPal\", \"timestamp\": \"2025-04-09T06:33\", \"description\": \"LP 0xb5049c47ede1f3ff0575d396d57b4c6a1ecef556 已通过PayPal支付\", \"transactionId\": \"1234352@qq.com\"}}]','{\"notes\": \"\", \"platform\": \"PayPal\", \"timestamp\": \"2025-04-09T06:33\", \"description\": \"LP 0xb5049c47ede1f3ff0575d396d57b4c6a1ecef556 已通过PayPal支付\", \"transactionId\": \"1234352@qq.com\"}',NULL,'2025-04-09 07:03:11','2025-04-09 06:32:45','2025-04-09 06:34:11',NULL,NULL,NULL),(31,100,'USD','通过UnitPay支付','Other',NULL,'0x8a620a56a249ae03b41012897b3b1c61367caf2c',2,NULL,NULL,'cancelled','[{\"note\": \"支付意图创建\", \"status\": \"created\", \"timestamp\": \"2025-04-09T13:19:29.732Z\"}, {\"note\": \"用户 0x8a620a56a249ae03b41012897b3b1c61367caf2c 取消支付意图\", \"status\": \"cancelled\", \"timestamp\": \"2025-04-09T13:20:42.866Z\"}]',NULL,NULL,'2025-04-09 13:49:29','2025-04-09 13:19:29','2025-04-09 13:20:42',NULL,NULL,NULL),(32,100,'USD','通过UnitPay支付','Other',NULL,'0x8a620a56a249ae03b41012897b3b1c61367caf2c',2,NULL,NULL,'cancelled','[{\"note\": \"支付意图创建\", \"status\": \"created\", \"timestamp\": \"2025-04-09T13:19:38.153Z\"}, {\"note\": \"用户 0x8a620a56a249ae03b41012897b3b1c61367caf2c 取消支付意图\", \"status\": \"cancelled\", \"timestamp\": \"2025-04-09T13:20:38.878Z\"}]',NULL,NULL,'2025-04-09 13:49:38','2025-04-09 13:19:38','2025-04-09 13:20:38',NULL,NULL,NULL),(33,100,'USD','咖啡','Other',NULL,'0x8a620a56a249ae03b41012897b3b1c61367caf2c',2,NULL,NULL,'cancelled','[{\"note\": \"支付意图创建\", \"status\": \"created\", \"timestamp\": \"2025-04-09T13:19:44.600Z\"}, {\"note\": \"用户 0x8a620a56a249ae03b41012897b3b1c61367caf2c 取消支付意图\", \"status\": \"cancelled\", \"timestamp\": \"2025-04-09T13:20:35.431Z\"}]',NULL,NULL,'2025-04-09 13:49:44','2025-04-09 13:19:44','2025-04-09 13:20:35',NULL,NULL,NULL),(34,100,'USD','通过UnitPay支付','Other',NULL,'0x8a620a56a249ae03b41012897b3b1c61367caf2c',2,NULL,NULL,'expired','[{\"note\": \"支付意图创建\", \"status\": \"created\", \"timestamp\": \"2025-04-09T13:20:49.494Z\"}]',NULL,NULL,'2025-04-09 13:50:49','2025-04-09 13:20:49','2025-04-10 13:49:01',NULL,NULL,NULL),(35,100,'USD','通过UnitPay支付','PayPal',NULL,'0xb5049c47ede1f3ff0575d396d57b4c6a1ecef556',3,'0xb5049c47ede1f3ff0575d396d57b4c6a1ecef556',3,'expired','[{\"note\": \"支付意图创建\", \"status\": \"created\", \"timestamp\": \"2025-04-09T13:22:37.152Z\"}, {\"note\": \"LP 0xb5049c47ede1f3ff0575d396d57b4c6a1ecef556 认领任务\", \"status\": \"claimed\", \"timestamp\": \"2025-04-10T01:35:46.152Z\"}]','{\"createTime\": \"2025-04-10T01:37:20.195Z\", \"paypalOrderId\": \"75C3897203762284W\"}',NULL,'2025-04-10 02:05:46','2025-04-09 13:22:37','2025-04-10 13:49:11',NULL,'{\"paypalOrderCreation\": {\"step\": \"started\", \"startTime\": \"2025-04-10T01:37:16.562Z\"}}','sb-5y43434339921146@personal.example.com'),(36,100,'USD','咖啡','PayPal',NULL,'0xb5049c47ede1f3ff0575d396d57b4c6a1ecef556',3,'0xb5049c47ede1f3ff0575d396d57b4c6a1ecef556',3,'expired','[{\"note\": \"支付意图创建\", \"status\": \"created\", \"timestamp\": \"2025-04-09T13:22:44.785Z\"}, {\"note\": \"LP 0xb5049c47ede1f3ff0575d396d57b4c6a1ecef556 认领任务\", \"status\": \"claimed\", \"timestamp\": \"2025-04-09T13:23:08.626Z\"}]','{\"createTime\": \"2025-04-09T15:40:16.198Z\", \"paypalOrderId\": \"6LG57640EU426020T\"}',NULL,'2025-04-09 13:53:08','2025-04-09 13:22:44','2025-04-10 13:49:21',NULL,'{\"paypalOrderCreation\": {\"step\": \"started\", \"startTime\": \"2025-04-09T15:40:14.082Z\"}}','sb-5y43434339921146@personal.example.com'),(37,100,'USD','饭店','PayPal',NULL,'0xb5049c47ede1f3ff0575d396d57b4c6a1ecef556',3,'0xb5049c47ede1f3ff0575d396d57b4c6a1ecef556',3,'expired','[{\"note\": \"支付意图创建\", \"status\": \"created\", \"timestamp\": \"2025-04-09T13:22:52.127Z\"}, {\"note\": \"LP 0xb5049c47ede1f3ff0575d396d57b4c6a1ecef556 认领任务\", \"status\": \"claimed\", \"timestamp\": \"2025-04-09T13:23:05.366Z\"}]','{\"createTime\": \"2025-04-09T15:34:24.648Z\", \"paypalOrderId\": \"02K60180K5801422E\"}',NULL,'2025-04-09 13:53:05','2025-04-09 13:22:52','2025-04-10 13:49:31',NULL,'{\"paypalOrderCreation\": {\"step\": \"started\", \"startTime\": \"2025-04-09T15:34:22.187Z\"}}','sb-5y43434339921146@personal.example.com'),(38,100,'USD','通过UnitPay支付','PayPal',NULL,'0xb5049c47ede1f3ff0575d396d57b4c6a1ecef556',3,'0xb5049c47ede1f3ff0575d396d57b4c6a1ecef556',3,'expired','[{\"note\": \"支付意图创建\", \"status\": \"created\", \"timestamp\": \"2025-04-10T01:39:41.884Z\"}, {\"note\": \"LP 0xb5049c47ede1f3ff0575d396d57b4c6a1ecef556 认领任务\", \"status\": \"claimed\", \"timestamp\": \"2025-04-10T02:02:28.957Z\"}]','{\"createTime\": \"2025-04-10T02:38:33.753Z\", \"merchantEmail\": \"sb-5y43434339921146@personal.example.com\", \"paypalOrderId\": \"59164115XV854545Y\"}',NULL,'2025-04-10 02:32:28','2025-04-10 01:39:41','2025-04-10 13:49:41',NULL,'{\"paypalOrderCreation\": {\"step\": \"started\", \"startTime\": \"2025-04-10T02:38:31.454Z\", \"merchantEmail\": \"sb-5y43434339921146@personal.example.com\"}}','sb-5y43434339921146@personal.example.com'),(39,100,'USD','通过UnitPay支付','PayPal',NULL,'0xb5049c47ede1f3ff0575d396d57b4c6a1ecef556',3,'0xb5049c47ede1f3ff0575d396d57b4c6a1ecef556',3,'paid','[{\"note\": \"支付意图创建\", \"status\": \"created\", \"timestamp\": \"2025-04-10T01:39:46.437Z\"}, {\"note\": \"LP 0xb5049c47ede1f3ff0575d396d57b4c6a1ecef556 认领任务\", \"status\": \"claimed\", \"timestamp\": \"2025-04-10T01:52:08.912Z\"}, {\"note\": \"LP 0xb5049c47ede1f3ff0575d396d57b4c6a1ecef556 标记任务已支付\", \"status\": \"paid\", \"timestamp\": \"2025-04-10T01:53:06.288Z\", \"paymentProof\": {\"orderId\": \"32X49691EV899253A\", \"platform\": \"PayPal\", \"captureId\": \"14C48881D7597420D\", \"transactionId\": \"14C48881D7597420D\", \"transactionTime\": \"2025-04-10T01:53:06.240Z\", \"verificationTime\": \"2025-04-10T01:53:06.288Z\", \"verificationStatus\": \"test_mode\"}}]','{\"orderId\": \"32X49691EV899253A\", \"platform\": \"PayPal\", \"captureId\": \"14C48881D7597420D\", \"transactionId\": \"14C48881D7597420D\", \"transactionTime\": \"2025-04-10T01:53:06.240Z\", \"verificationTime\": \"2025-04-10T01:53:06.288Z\", \"verificationStatus\": \"test_mode\"}',NULL,'2025-04-10 02:22:08','2025-04-10 01:39:46','2025-04-10 01:53:06',NULL,'{\"paypalOrderCreation\": {\"step\": \"started\", \"startTime\": \"2025-04-10T01:52:11.958Z\"}}','sb-5y43434339921146@personal.example.com'),(40,100,'USD','通过UnitPay支付','PayPal',NULL,'0xb5049c47ede1f3ff0575d396d57b4c6a1ecef556',3,'0xb5049c47ede1f3ff0575d396d57b4c6a1ecef556',3,'expired','[{\"note\": \"支付意图创建\", \"status\": \"created\", \"timestamp\": \"2025-04-10T01:39:50.801Z\"}, {\"note\": \"LP 0xb5049c47ede1f3ff0575d396d57b4c6a1ecef556 认领任务\", \"status\": \"claimed\", \"timestamp\": \"2025-04-10T01:42:32.565Z\"}]','{\"createTime\": \"2025-04-10T01:42:38.773Z\", \"paypalOrderId\": \"1BT79947R8877835P\"}',NULL,'2025-04-10 02:12:32','2025-04-10 01:39:50','2025-04-10 13:54:54',NULL,'{\"paypalOrderCreation\": {\"step\": \"started\", \"startTime\": \"2025-04-10T01:42:36.387Z\"}}','sb-5y43434339921146@personal.example.com'),(41,100,'USD','通过UnitPay支付','PayPal',NULL,'0xb5049c47ede1f3ff0575d396d57b4c6a1ecef556',3,'0xb5049c47ede1f3ff0575d396d57b4c6a1ecef556',3,'expired','[{\"note\": \"支付意图创建\", \"status\": \"created\", \"timestamp\": \"2025-04-10T01:39:54.583Z\"}, {\"note\": \"LP 0xb5049c47ede1f3ff0575d396d57b4c6a1ecef556 认领任务\", \"status\": \"claimed\", \"timestamp\": \"2025-04-10T01:40:05.773Z\"}]','{\"createTime\": \"2025-04-10T01:40:12.476Z\", \"paypalOrderId\": \"0U623870B6187900P\"}',NULL,'2025-04-10 02:10:05','2025-04-10 01:39:54','2025-04-10 13:55:04',NULL,'{\"paypalOrderCreation\": {\"step\": \"started\", \"startTime\": \"2025-04-10T01:40:08.913Z\"}}','sb-5y43434339921146@personal.example.com'),(42,100,'USD','通过UnitPay支付','PayPal',NULL,'0xb5049c47ede1f3ff0575d396d57b4c6a1ecef556',3,'0xb5049c47ede1f3ff0575d396d57b4c6a1ecef556',3,'expired','[{\"note\": \"支付意图创建\", \"status\": \"created\", \"timestamp\": \"2025-04-10T02:16:44.658Z\"}, {\"note\": \"LP 0xb5049c47ede1f3ff0575d396d57b4c6a1ecef556 认领任务\", \"status\": \"claimed\", \"timestamp\": \"2025-04-10T02:43:09.023Z\"}]','{\"createTime\": \"2025-04-10T02:43:16.234Z\", \"merchantEmail\": \"sb-5y43434339921146@personal.example.com\", \"paypalOrderId\": \"0V107778H13625115\"}',NULL,'2025-04-10 03:13:09','2025-04-10 02:16:44','2025-04-10 13:55:14',NULL,'{\"paypalOrderCreation\": {\"step\": \"started\", \"startTime\": \"2025-04-10T02:43:13.490Z\", \"merchantEmail\": \"sb-5y43434339921146@personal.example.com\"}}','sb-5y43434339921146@personal.example.com'),(43,100,'USD','通过UnitPay支付','PayPal',NULL,'0xb5049c47ede1f3ff0575d396d57b4c6a1ecef556',3,'0xb5049c47ede1f3ff0575d396d57b4c6a1ecef556',3,'expired','[{\"note\": \"支付意图创建\", \"status\": \"created\", \"timestamp\": \"2025-04-10T02:17:18.423Z\"}, {\"note\": \"LP 0xb5049c47ede1f3ff0575d396d57b4c6a1ecef556 认领任务\", \"status\": \"claimed\", \"timestamp\": \"2025-04-10T02:18:00.148Z\"}]','{\"createTime\": \"2025-04-10T02:18:06.804Z\", \"paypalOrderId\": \"1JV91668J82910926\"}',NULL,'2025-04-10 02:48:00','2025-04-10 02:17:18','2025-04-10 13:55:24',NULL,'{\"paypalOrderCreation\": {\"step\": \"started\", \"startTime\": \"2025-04-10T02:18:03.807Z\"}}','sb-5y43434339921146@personal.example.com'),(44,100,'USD','通过UnitPay支付','PayPal',NULL,'0xb5049c47ede1f3ff0575d396d57b4c6a1ecef556',3,'0xb5049c47ede1f3ff0575d396d57b4c6a1ecef556',3,'expired','[{\"note\": \"支付意图创建\", \"status\": \"created\", \"timestamp\": \"2025-04-10T02:18:45.302Z\"}, {\"note\": \"LP 0xb5049c47ede1f3ff0575d396d57b4c6a1ecef556 认领任务\", \"status\": \"claimed\", \"timestamp\": \"2025-04-10T02:27:48.268Z\"}]','{\"createTime\": \"2025-04-10T02:37:39.464Z\", \"merchantEmail\": \"sb-5y43434339921146@personal.example.com\", \"paypalOrderId\": \"0YN712896B8884332\"}',NULL,'2025-04-10 02:57:48','2025-04-10 02:18:45','2025-04-10 13:55:34',NULL,'{\"paypalOrderCreation\": {\"step\": \"started\", \"startTime\": \"2025-04-10T02:37:37.278Z\", \"merchantEmail\": \"sb-5y43434339921146@personal.example.com\"}}','sb-5y43434339921146@personal.example.com'),(45,100,'USD','通过UnitPay支付','PayPal',NULL,'0xb5049c47ede1f3ff0575d396d57b4c6a1ecef556',3,'0xb5049c47ede1f3ff0575d396d57b4c6a1ecef556',3,'expired','[{\"note\": \"支付意图创建\", \"status\": \"created\", \"timestamp\": \"2025-04-10T02:20:05.268Z\"}, {\"note\": \"LP 0xb5049c47ede1f3ff0575d396d57b4c6a1ecef556 认领任务\", \"status\": \"claimed\", \"timestamp\": \"2025-04-10T02:27:34.043Z\"}]','{\"createTime\": \"2025-04-10T02:28:09.000Z\", \"paypalOrderId\": \"8BX04710BM552151N\"}',NULL,'2025-04-10 02:57:34','2025-04-10 02:20:05','2025-04-10 13:55:44',NULL,'{\"paypalOrderCreation\": {\"step\": \"started\", \"startTime\": \"2025-04-10T02:28:05.454Z\"}}','sb-5y43434339921146@personal.example.com'),(46,100,'USD','通过UnitPay支付','PayPal',NULL,'0xb5049c47ede1f3ff0575d396d57b4c6a1ecef556',3,'0xb5049c47ede1f3ff0575d396d57b4c6a1ecef556',3,'expired','[{\"note\": \"支付意图创建\", \"status\": \"created\", \"timestamp\": \"2025-04-10T02:49:02.360Z\"}, {\"note\": \"LP 0xb5049c47ede1f3ff0575d396d57b4c6a1ecef556 认领任务\", \"status\": \"claimed\", \"timestamp\": \"2025-04-10T03:42:32.493Z\"}]','{\"createTime\": \"2025-04-10T03:42:40.945Z\", \"paypalOrderId\": \"6N3029499G941205E\"}',NULL,'2025-04-10 04:12:32','2025-04-10 02:49:02','2025-04-10 13:55:54',NULL,'{\"paypalOrderCreation\": {\"step\": \"started\", \"startTime\": \"2025-04-10T03:42:37.191Z\"}}','sb-5y43434339921146@personal.example.com'),(47,100,'USD','通过UnitPay支付','PayPal',NULL,'0xb5049c47ede1f3ff0575d396d57b4c6a1ecef556',3,'0xb5049c47ede1f3ff0575d396d57b4c6a1ecef556',3,'expired','[{\"note\": \"支付意图创建\", \"status\": \"created\", \"timestamp\": \"2025-04-10T02:49:05.761Z\"}, {\"note\": \"LP 0xb5049c47ede1f3ff0575d396d57b4c6a1ecef556 认领任务\", \"status\": \"claimed\", \"timestamp\": \"2025-04-10T03:13:00.499Z\"}]','{\"createTime\": \"2025-04-10T03:29:52.185Z\", \"paypalOrderId\": \"64M70391F3234242W\", \"merchantPaypalEmail\": \"sb-5y43434339921146@personal.example.com\"}',NULL,'2025-04-10 03:43:00','2025-04-10 02:49:05','2025-04-10 13:56:04',NULL,'{\"paypalOrderCreation\": {\"step\": \"started\", \"startTime\": \"2025-04-10T03:29:48.314Z\", \"merchantEmail\": \"sb-5y43434339921146@personal.example.com\"}}','sb-5y43434339921146@personal.example.com'),(48,100,'USD','通过UnitPay支付','PayPal',NULL,'0xb5049c47ede1f3ff0575d396d57b4c6a1ecef556',3,'0xb5049c47ede1f3ff0575d396d57b4c6a1ecef556',3,'expired','[{\"note\": \"支付意图创建\", \"status\": \"created\", \"timestamp\": \"2025-04-10T02:49:09.457Z\"}, {\"note\": \"LP 0xb5049c47ede1f3ff0575d396d57b4c6a1ecef556 认领任务\", \"status\": \"claimed\", \"timestamp\": \"2025-04-10T03:12:58.636Z\"}]','{\"createTime\": \"2025-04-10T03:13:07.785Z\", \"paypalOrderId\": \"10763695PH320421G\", \"merchantPaypalEmail\": \"sb-5y43434339921146@personal.example.com\"}',NULL,'2025-04-10 03:42:58','2025-04-10 02:49:09','2025-04-10 14:02:52',NULL,'{\"paypalOrderCreation\": {\"step\": \"started\", \"startTime\": \"2025-04-10T03:13:04.479Z\", \"merchantEmail\": \"sb-5y43434339921146@personal.example.com\"}}','sb-5y43434339921146@personal.example.com'),(49,100,'USD','通过UnitPay支付','PayPal',NULL,'0xb5049c47ede1f3ff0575d396d57b4c6a1ecef556',3,'0xb5049c47ede1f3ff0575d396d57b4c6a1ecef556',3,'expired','[{\"note\": \"支付意图创建\", \"status\": \"created\", \"timestamp\": \"2025-04-10T02:49:12.760Z\"}, {\"note\": \"LP 0xb5049c47ede1f3ff0575d396d57b4c6a1ecef556 认领任务\", \"status\": \"claimed\", \"timestamp\": \"2025-04-10T02:49:40.260Z\"}]','{\"createTime\": \"2025-04-10T02:58:07.320Z\", \"paypalOrderId\": \"5EF94090E92862132\"}',NULL,'2025-04-10 03:19:40','2025-04-10 02:49:12','2025-04-10 14:02:52',NULL,'{\"paypalOrderCreation\": {\"step\": \"started\", \"startTime\": \"2025-04-10T02:58:04.616Z\"}}','sb-5y43434339921146@personal.example.com'),(50,100,'USD','通过UnitPay支付','PayPal',NULL,'0xb5049c47ede1f3ff0575d396d57b4c6a1ecef556',3,'0xb5049c47ede1f3ff0575d396d57b4c6a1ecef556',3,'expired','[{\"note\": \"支付意图创建\", \"status\": \"created\", \"timestamp\": \"2025-04-10T02:49:16.559Z\"}, {\"note\": \"LP 0xb5049c47ede1f3ff0575d396d57b4c6a1ecef556 认领任务\", \"status\": \"claimed\", \"timestamp\": \"2025-04-10T02:49:37.439Z\"}]','{\"createTime\": \"2025-04-10T02:49:45.761Z\", \"merchantEmail\": \"sb-5y43434339921146@personal.example.com\", \"paypalOrderId\": \"4CU9459362745724H\"}',NULL,'2025-04-10 03:19:37','2025-04-10 02:49:16','2025-04-10 14:02:52',NULL,'{\"paypalOrderCreation\": {\"step\": \"started\", \"startTime\": \"2025-04-10T02:49:43.322Z\", \"merchantEmail\": \"sb-5y43434339921146@personal.example.com\"}}','sb-5y43434339921146@personal.example.com'),(51,100,'USD','通过UnitPay支付','PayPal',NULL,'0xb5049c47ede1f3ff0575d396d57b4c6a1ecef556',3,'0xb5049c47ede1f3ff0575d396d57b4c6a1ecef556',3,'expired','[{\"note\": \"支付意图创建\", \"status\": \"created\", \"timestamp\": \"2025-04-10T03:48:22.874Z\"}, {\"note\": \"LP 0xb5049c47ede1f3ff0575d396d57b4c6a1ecef556 认领任务\", \"status\": \"claimed\", \"timestamp\": \"2025-04-10T04:38:40.394Z\"}]','{\"createTime\": \"2025-04-10T04:44:28.783Z\", \"paypalOrderId\": \"60F78390H47273912\"}',NULL,'2025-04-10 05:08:40','2025-04-10 03:48:22','2025-04-10 14:02:52',NULL,'{\"paypalOrderCreation\": {\"step\": \"started\", \"startTime\": \"2025-04-10T04:44:25.736Z\", \"usedMerchantEmail\": \"sb-5y43434339921146@personal.example.com\", \"merchantEmailSource\": \"payment_intent\"}}','sb-5y43434339921146@personal.example.com'),(52,100,'USD','通过UnitPay支付','PayPal',NULL,'0xb5049c47ede1f3ff0575d396d57b4c6a1ecef556',3,'0xb5049c47ede1f3ff0575d396d57b4c6a1ecef556',3,'expired','[{\"note\": \"支付意图创建\", \"status\": \"created\", \"timestamp\": \"2025-04-10T03:48:27.767Z\"}, {\"note\": \"LP 0xb5049c47ede1f3ff0575d396d57b4c6a1ecef556 认领任务\", \"status\": \"claimed\", \"timestamp\": \"2025-04-10T03:48:40.006Z\"}]','{\"createTime\": \"2025-04-10T03:54:11.659Z\", \"paypalOrderId\": \"8C469995U4727415N\"}',NULL,'2025-04-10 04:18:40','2025-04-10 03:48:27','2025-04-10 14:02:52',NULL,'{\"paypalOrderCreation\": {\"step\": \"started\", \"startTime\": \"2025-04-10T03:54:08.306Z\", \"usedMerchantEmail\": \"sb-5y43434339921146@personal.example.com\", \"merchantEmailSource\": \"payment_intent\"}}','sb-5y43434339921146@personal.example.com'),(53,100,'USD','通过UnitPay支付','PayPal',NULL,'0xb5049c47ede1f3ff0575d396d57b4c6a1ecef556',3,'0xb5049c47ede1f3ff0575d396d57b4c6a1ecef556',3,'expired','[{\"note\": \"支付意图创建\", \"status\": \"created\", \"timestamp\": \"2025-04-10T04:56:09.625Z\"}, {\"note\": \"LP 0xb5049c47ede1f3ff0575d396d57b4c6a1ecef556 认领任务\", \"status\": \"claimed\", \"timestamp\": \"2025-04-10T05:12:11.196Z\"}]','{\"createTime\": \"2025-04-10T05:12:51.107Z\", \"paypalOrderId\": \"78078072WX896115P\"}',NULL,'2025-04-10 05:42:11','2025-04-10 04:56:09','2025-04-10 14:02:52',NULL,'{\"paypalOrderCreation\": {\"step\": \"started\", \"startTime\": \"2025-04-10T05:12:49.192Z\", \"usedMerchantEmail\": \"sb-o3jcs29741632@business.example.com\", \"merchantEmailSource\": \"payment_intent\"}}','sb-o3jcs29741632@business.example.com'),(54,100,'USD','通过UnitPay支付','PayPal',NULL,'0xb5049c47ede1f3ff0575d396d57b4c6a1ecef556',3,'0xb5049c47ede1f3ff0575d396d57b4c6a1ecef556',3,'expired','[{\"note\": \"支付意图创建\", \"status\": \"created\", \"timestamp\": \"2025-04-10T04:56:13.792Z\"}, {\"note\": \"LP 0xb5049c47ede1f3ff0575d396d57b4c6a1ecef556 认领任务\", \"status\": \"claimed\", \"timestamp\": \"2025-04-10T04:57:18.310Z\"}]','{\"createTime\": \"2025-04-10T05:04:09.776Z\", \"paypalOrderId\": \"9RE21331LG654722J\"}',NULL,'2025-04-10 05:27:18','2025-04-10 04:56:13','2025-04-10 14:02:52',NULL,'{\"paypalOrderCreation\": {\"step\": \"started\", \"startTime\": \"2025-04-10T05:04:07.424Z\", \"usedMerchantEmail\": \"sb-5y43434339921146@personal.example.com\", \"merchantEmailSource\": \"payment_intent\"}}','sb-5y43434339921146@personal.example.com'),(55,100,'USD','通过UnitPay支付','PayPal',NULL,'0xb5049c47ede1f3ff0575d396d57b4c6a1ecef556',3,'0xb5049c47ede1f3ff0575d396d57b4c6a1ecef556',3,'expired','[{\"note\": \"支付意图创建\", \"status\": \"created\", \"timestamp\": \"2025-04-10T04:56:20.875Z\"}, {\"note\": \"LP 0xb5049c47ede1f3ff0575d396d57b4c6a1ecef556 认领任务\", \"status\": \"claimed\", \"timestamp\": \"2025-04-10T04:57:16.040Z\"}]','{\"createTime\": \"2025-04-10T04:59:17.407Z\", \"paypalOrderId\": \"2UC13928F0598062E\"}',NULL,'2025-04-10 05:27:16','2025-04-10 04:56:20','2025-04-10 14:02:52',NULL,'{\"paypalOrderCreation\": {\"step\": \"started\", \"startTime\": \"2025-04-10T04:59:15.039Z\", \"usedMerchantEmail\": \"sb-5y43434339921146@personal.example.com\", \"merchantEmailSource\": \"payment_intent\"}}','sb-5y43434339921146@personal.example.com'),(56,100,'USD','通过UnitPay支付','PayPal',NULL,'0xb5049c47ede1f3ff0575d396d57b4c6a1ecef556',3,'0xb5049c47ede1f3ff0575d396d57b4c6a1ecef556',3,'expired','[{\"note\": \"支付意图创建\", \"status\": \"created\", \"timestamp\": \"2025-04-10T05:27:10.692Z\"}, {\"note\": \"LP 0xb5049c47ede1f3ff0575d396d57b4c6a1ecef556 认领任务\", \"status\": \"claimed\", \"timestamp\": \"2025-04-10T08:34:29.902Z\"}]',NULL,NULL,'2025-04-10 09:04:29','2025-04-10 05:27:10','2025-04-10 14:02:52',NULL,NULL,'sb-5y43434339921146@personal.example.com'),(57,100,'USD','通过UnitPay支付','PayPal',NULL,'0xb5049c47ede1f3ff0575d396d57b4c6a1ecef556',3,'0xb5049c47ede1f3ff0575d396d57b4c6a1ecef556',3,'expired','[{\"note\": \"支付意图创建\", \"status\": \"created\", \"timestamp\": \"2025-04-10T05:27:16.963Z\"}, {\"note\": \"LP 0xb5049c47ede1f3ff0575d396d57b4c6a1ecef556 认领任务\", \"status\": \"claimed\", \"timestamp\": \"2025-04-10T08:34:27.062Z\"}]',NULL,NULL,'2025-04-10 09:04:27','2025-04-10 05:27:16','2025-04-10 14:02:52',NULL,NULL,'sb-5y43434339921146@personal.example.com'),(58,100,'USD','通过UnitPay支付','PayPal',NULL,'0xb5049c47ede1f3ff0575d396d57b4c6a1ecef556',3,'0xb5049c47ede1f3ff0575d396d57b4c6a1ecef556',3,'expired','[{\"note\": \"支付意图创建\", \"status\": \"created\", \"timestamp\": \"2025-04-10T05:27:22.767Z\"}, {\"note\": \"LP 0xb5049c47ede1f3ff0575d396d57b4c6a1ecef556 认领任务\", \"status\": \"claimed\", \"timestamp\": \"2025-04-10T05:34:38.228Z\"}]',NULL,NULL,'2025-04-10 06:04:38','2025-04-10 05:27:22','2025-04-10 14:02:52',NULL,NULL,'sb-5y43434339921146@personal.example.com'),(59,100,'USD','通过UnitPay支付','PayPal','{\"platform\": \"PayPal\", \"paypalEmail\": \"sb-o3jcs29741632@business.example.com\"}','0xb5049c47ede1f3ff0575d396d57b4c6a1ecef556',3,'0xb5049c47ede1f3ff0575d396d57b4c6a1ecef556',3,'expired','[{\"note\": \"支付意图创建\", \"status\": \"created\", \"timestamp\": \"2025-04-10T05:27:27.832Z\"}, {\"note\": \"LP 0xb5049c47ede1f3ff0575d396d57b4c6a1ecef556 认领任务\", \"status\": \"claimed\", \"timestamp\": \"2025-04-10T05:27:40.150Z\"}, {\"note\": \"开始创建PayPal订单\", \"status\": \"processing\", \"timestamp\": \"2025-04-10T07:40:49.628Z\"}]','{\"createTime\": \"2025-04-10T07:40:52.906Z\", \"paypalOrderId\": \"9G5873844Y882320G\"}',NULL,'2025-04-10 05:57:40','2025-04-10 05:27:27','2025-04-10 14:02:52',NULL,'{\"platform\": \"PayPal\", \"processingStarted\": \"2025-04-10T07:40:49.628Z\"}','sb-o3jcs29741632@business.example.com'),(60,100,'USD','通过UnitPay支付','PayPal',NULL,'0xb5049c47ede1f3ff0575d396d57b4c6a1ecef556',3,'0xb5049c47ede1f3ff0575d396d57b4c6a1ecef556',3,'expired','[{\"note\": \"支付意图创建\", \"status\": \"created\", \"timestamp\": \"2025-04-10T06:23:06.507Z\"}, {\"note\": \"LP 0xb5049c47ede1f3ff0575d396d57b4c6a1ecef556 认领任务\", \"status\": \"claimed\", \"timestamp\": \"2025-04-10T08:29:09.516Z\"}, {\"note\": \"PayPal订单创建中\", \"status\": \"processing\", \"timestamp\": \"2025-04-10T08:29:32.964Z\"}]',NULL,NULL,'2025-04-10 08:59:09','2025-04-10 06:23:06','2025-04-10 14:02:52',NULL,'{\"platform\": \"PayPal\", \"processingStarted\": \"2025-04-10T08:29:32.964Z\"}','sb-5y43434339921146@personal.example.com'),(61,100,'USD','通过UnitPay支付','PayPal',NULL,'0xb5049c47ede1f3ff0575d396d57b4c6a1ecef556',3,'0xb5049c47ede1f3ff0575d396d57b4c6a1ecef556',3,'expired','[{\"note\": \"支付意图创建\", \"status\": \"created\", \"timestamp\": \"2025-04-10T06:23:11.308Z\"}, {\"note\": \"LP 0xb5049c47ede1f3ff0575d396d57b4c6a1ecef556 认领任务\", \"status\": \"claimed\", \"timestamp\": \"2025-04-10T08:10:52.018Z\"}, {\"note\": \"PayPal订单创建中\", \"status\": \"processing\", \"timestamp\": \"2025-04-10T08:11:00.188Z\"}]',NULL,NULL,'2025-04-10 08:40:52','2025-04-10 06:23:11','2025-04-10 14:02:52',NULL,'{\"platform\": \"PayPal\", \"processingStarted\": \"2025-04-10T08:11:00.189Z\"}','sb-5y43434339921146@personal.example.com'),(62,100,'USD','通过UnitPay支付','PayPal',NULL,'0xb5049c47ede1f3ff0575d396d57b4c6a1ecef556',3,'0xb5049c47ede1f3ff0575d396d57b4c6a1ecef556',3,'confirmed','[{\"note\": \"支付意图创建\", \"status\": \"created\", \"timestamp\": \"2025-04-10T06:23:15.970Z\"}, {\"note\": \"LP 0xb5049c47ede1f3ff0575d396d57b4c6a1ecef556 认领任务\", \"status\": \"claimed\", \"timestamp\": \"2025-04-10T06:23:28.642Z\"}]','{\"createTime\": \"2025-04-10T06:23:56.392Z\", \"paypalOrderId\": \"12873354BC195663S\"}',NULL,'2025-04-10 06:53:28','2025-04-10 06:23:15','2025-04-10 06:24:37',NULL,'{\"paypalOrderCreation\": {\"step\": \"started\", \"startTime\": \"2025-04-10T06:23:54.247Z\", \"usedMerchantEmail\": \"sb-o3jcs29741632@business.example.com\", \"merchantEmailSource\": \"payment_intent\"}}','sb-o3jcs29741632@business.example.com'),(63,100,'USD','通过UnitPay支付','PayPal',NULL,'0xb5049c47ede1f3ff0575d396d57b4c6a1ecef556',3,'0xb5049c47ede1f3ff0575d396d57b4c6a1ecef556',3,'expired','[{\"note\": \"支付意图创建\", \"status\": \"created\", \"timestamp\": \"2025-04-10T06:28:27.268Z\"}, {\"note\": \"LP 0xb5049c47ede1f3ff0575d396d57b4c6a1ecef556 认领任务\", \"status\": \"claimed\", \"timestamp\": \"2025-04-10T07:53:20.005Z\"}, {\"note\": \"PayPal订单创建中\", \"status\": \"processing\", \"timestamp\": \"2025-04-10T08:01:49.897Z\"}]',NULL,NULL,'2025-04-10 08:23:20','2025-04-10 06:28:27','2025-04-10 14:02:52',NULL,'{\"platform\": \"PayPal\", \"processingStarted\": \"2025-04-10T08:01:49.897Z\"}','sb-5y43434339921146@personal.example.com'),(64,100,'USD','通过UnitPay支付','PayPal','{\"platform\": \"PayPal\", \"paypalEmail\": \"sb-tawou39050381@business.example.com\"}','0xb5049c47ede1f3ff0575d396d57b4c6a1ecef556',3,'0xb5049c47ede1f3ff0575d396d57b4c6a1ecef556',3,'expired','[{\"note\": \"支付意图创建\", \"status\": \"created\", \"timestamp\": \"2025-04-10T07:07:18.248Z\"}, {\"note\": \"LP 0xb5049c47ede1f3ff0575d396d57b4c6a1ecef556 认领任务\", \"status\": \"claimed\", \"timestamp\": \"2025-04-10T07:53:18.058Z\"}, {\"note\": \"PayPal订单创建中\", \"status\": \"processing\", \"timestamp\": \"2025-04-10T07:53:37.721Z\"}]',NULL,NULL,'2025-04-10 08:23:18','2025-04-10 07:07:18','2025-04-10 14:02:52',NULL,'{\"platform\": \"PayPal\", \"processingStarted\": \"2025-04-10T07:53:37.721Z\"}','sb-5y43434339921146@personal.example.com'),(65,100,'USD','通过UnitPay支付','PayPal','{\"platform\": \"PayPal\", \"paypalEmail\": \"sb-tawou39050381@business.example.com\"}','0xb5049c47ede1f3ff0575d396d57b4c6a1ecef556',3,'0xb5049c47ede1f3ff0575d396d57b4c6a1ecef556',3,'confirmed','[{\"note\": \"支付意图创建\", \"status\": \"created\", \"timestamp\": \"2025-04-10T07:07:23.736Z\"}, {\"note\": \"LP 0xb5049c47ede1f3ff0575d396d57b4c6a1ecef556 认领任务\", \"status\": \"claimed\", \"timestamp\": \"2025-04-10T07:07:38.799Z\"}, {\"note\": \"开始创建PayPal订单\", \"status\": \"processing\", \"timestamp\": \"2025-04-10T07:11:46.639Z\"}]','{\"createTime\": \"2025-04-10T07:11:49.060Z\", \"paypalOrderId\": \"50M6621991962133F\"}',NULL,'2025-04-10 07:37:38','2025-04-10 07:07:23','2025-04-10 07:12:37',NULL,'{\"platform\": \"PayPal\", \"processingStarted\": \"2025-04-10T07:11:46.639Z\"}','sb-tawou39050381@business.example.com'),(66,100,'USD','通过UnitPay支付','PayPal','{\"platform\": \"PayPal\", \"paypalEmail\": \"sb-xh6iz39050757@business.example.com\"}','0xb5049c47ede1f3ff0575d396d57b4c6a1ecef556',3,'0xb5049c47ede1f3ff0575d396d57b4c6a1ecef556',3,'expired','[{\"note\": \"支付意图创建\", \"status\": \"created\", \"timestamp\": \"2025-04-10T07:18:18.713Z\"}, {\"note\": \"LP 0xb5049c47ede1f3ff0575d396d57b4c6a1ecef556 认领任务\", \"status\": \"claimed\", \"timestamp\": \"2025-04-10T07:48:47.844Z\"}, {\"note\": \"PayPal订单创建中\", \"status\": \"processing\", \"timestamp\": \"2025-04-10T07:49:07.053Z\"}]',NULL,NULL,'2025-04-10 08:18:47','2025-04-10 07:18:18','2025-04-10 14:02:52',NULL,'{\"platform\": \"PayPal\", \"processingStarted\": \"2025-04-10T07:49:07.053Z\"}','sb-5y43434339921146@personal.example.com'),(67,100,'USD','通过UnitPay支付','PayPal','{\"platform\": \"PayPal\", \"paypalEmail\": \"sb-xh6iz39050757@business.example.com\"}','0xb5049c47ede1f3ff0575d396d57b4c6a1ecef556',3,'0xb5049c47ede1f3ff0575d396d57b4c6a1ecef556',3,'expired','[{\"note\": \"支付意图创建\", \"status\": \"created\", \"timestamp\": \"2025-04-10T07:18:24.532Z\"}, {\"note\": \"LP 0xb5049c47ede1f3ff0575d396d57b4c6a1ecef556 认领任务\", \"status\": \"claimed\", \"timestamp\": \"2025-04-10T07:45:22.012Z\"}, {\"note\": \"PayPal订单创建中\", \"status\": \"processing\", \"timestamp\": \"2025-04-10T07:45:41.208Z\"}]',NULL,NULL,'2025-04-10 08:15:22','2025-04-10 07:18:24','2025-04-10 14:02:52',NULL,'{\"platform\": \"PayPal\", \"processingStarted\": \"2025-04-10T07:45:41.208Z\"}','sb-5y43434339921146@personal.example.com'),(68,100,'USD','通过UnitPay支付','PayPal','{\"platform\": \"PayPal\", \"paypalEmail\": \"sb-xh6iz39050757@business.example.com\"}','0xb5049c47ede1f3ff0575d396d57b4c6a1ecef556',3,'0xb5049c47ede1f3ff0575d396d57b4c6a1ecef556',3,'expired','[{\"note\": \"支付意图创建\", \"status\": \"created\", \"timestamp\": \"2025-04-10T07:18:29.799Z\"}, {\"note\": \"LP 0xb5049c47ede1f3ff0575d396d57b4c6a1ecef556 认领任务\", \"status\": \"claimed\", \"timestamp\": \"2025-04-10T07:18:50.706Z\"}, {\"note\": \"开始创建PayPal订单\", \"status\": \"processing\", \"timestamp\": \"2025-04-10T07:28:26.897Z\"}]','{\"createTime\": \"2025-04-10T07:28:29.173Z\", \"paypalOrderId\": \"1UF45821D3688524V\"}',NULL,'2025-04-10 07:48:50','2025-04-10 07:18:29','2025-04-10 14:02:52',NULL,'{\"platform\": \"PayPal\", \"processingStarted\": \"2025-04-10T07:28:26.897Z\"}','sb-xh6iz39050757@business.example.com'),(69,100,'USD','通过UnitPay支付','PayPal','{\"platform\": \"PayPal\", \"paypalEmail\": \"sb-xh6iz39050757@business.example.com\"}','0xb5049c47ede1f3ff0575d396d57b4c6a1ecef556',3,'0xb5049c47ede1f3ff0575d396d57b4c6a1ecef556',3,'expired','[{\"note\": \"支付意图创建\", \"status\": \"created\", \"timestamp\": \"2025-04-10T07:18:35.829Z\"}, {\"note\": \"LP 0xb5049c47ede1f3ff0575d396d57b4c6a1ecef556 认领任务\", \"status\": \"claimed\", \"timestamp\": \"2025-04-10T07:18:48.585Z\"}, {\"note\": \"开始创建PayPal订单\", \"status\": \"processing\", \"timestamp\": \"2025-04-10T07:18:59.267Z\"}]','{\"createTime\": \"2025-04-10T07:19:01.376Z\", \"paypalOrderId\": \"6TX92227WC0624141\"}',NULL,'2025-04-10 07:48:48','2025-04-10 07:18:35','2025-04-10 14:02:52',NULL,'{\"platform\": \"PayPal\", \"processingStarted\": \"2025-04-10T07:18:59.267Z\"}','sb-xh6iz39050757@business.example.com'),(70,100,'USD','通过UnitPay支付','PayPal','{\"platform\": \"PayPal\", \"paypalEmail\": \"sb-xh6iz39050757@business.example.com\"}','0xb5049c47ede1f3ff0575d396d57b4c6a1ecef556',3,'0xb5049c47ede1f3ff0575d396d57b4c6a1ecef556',3,'expired','[{\"note\": \"支付意图创建\", \"status\": \"created\", \"timestamp\": \"2025-04-10T08:34:57.599Z\"}, {\"note\": \"LP 0xb5049c47ede1f3ff0575d396d57b4c6a1ecef556 认领任务\", \"status\": \"claimed\", \"timestamp\": \"2025-04-10T08:50:34.409Z\"}, {\"note\": \"PayPal订单创建中\", \"status\": \"processing\", \"timestamp\": \"2025-04-10T09:01:20.193Z\"}]',NULL,NULL,'2025-04-10 09:20:34','2025-04-10 08:34:57','2025-04-10 14:02:52',NULL,'{\"platform\": \"PayPal\", \"processingStarted\": \"2025-04-10T09:01:20.193Z\"}','sb-5y43434339921146@personal.example.com'),(71,100,'USD','通过UnitPay支付','PayPal','{\"platform\": \"PayPal\", \"paypalEmail\": \"sb-xh6iz39050757@business.example.com\"}','0xb5049c47ede1f3ff0575d396d57b4c6a1ecef556',3,'0xb5049c47ede1f3ff0575d396d57b4c6a1ecef556',3,'expired','[{\"note\": \"支付意图创建\", \"status\": \"created\", \"timestamp\": \"2025-04-10T08:35:01.289Z\"}, {\"note\": \"LP 0xb5049c47ede1f3ff0575d396d57b4c6a1ecef556 认领任务\", \"status\": \"claimed\", \"timestamp\": \"2025-04-10T08:50:32.628Z\"}, {\"note\": \"PayPal订单创建中\", \"status\": \"processing\", \"timestamp\": \"2025-04-10T08:51:06.251Z\"}]',NULL,NULL,'2025-04-10 09:20:32','2025-04-10 08:35:01','2025-04-10 14:02:52',NULL,'{\"platform\": \"PayPal\", \"processingStarted\": \"2025-04-10T08:51:06.251Z\"}','sb-5y43434339921146@personal.example.com'),(72,100,'USD','通过UnitPay支付','PayPal','{\"platform\": \"PayPal\", \"paypalEmail\": \"sb-xh6iz39050757@business.example.com\"}','0xb5049c47ede1f3ff0575d396d57b4c6a1ecef556',3,'0xb5049c47ede1f3ff0575d396d57b4c6a1ecef556',3,'expired','[{\"note\": \"支付意图创建\", \"status\": \"created\", \"timestamp\": \"2025-04-10T08:35:04.449Z\"}, {\"note\": \"LP 0xb5049c47ede1f3ff0575d396d57b4c6a1ecef556 认领任务\", \"status\": \"claimed\", \"timestamp\": \"2025-04-10T08:36:29.448Z\"}, {\"note\": \"PayPal订单创建中\", \"status\": \"processing\", \"timestamp\": \"2025-04-10T08:47:14.387Z\"}]',NULL,NULL,'2025-04-10 09:06:29','2025-04-10 08:35:04','2025-04-10 14:02:52',NULL,'{\"platform\": \"PayPal\", \"processingStarted\": \"2025-04-10T08:47:14.387Z\"}','sb-5y43434339921146@personal.example.com'),(73,100,'USD','通过UnitPay支付','PayPal','{\"platform\": \"PayPal\", \"paypalEmail\": \"sb-xh6iz39050757@business.example.com\"}','0xb5049c47ede1f3ff0575d396d57b4c6a1ecef556',3,'0xb5049c47ede1f3ff0575d396d57b4c6a1ecef556',3,'expired','[{\"note\": \"支付意图创建\", \"status\": \"created\", \"timestamp\": \"2025-04-10T08:35:09.244Z\"}, {\"note\": \"LP 0xb5049c47ede1f3ff0575d396d57b4c6a1ecef556 认领任务\", \"status\": \"claimed\", \"timestamp\": \"2025-04-10T08:35:17.539Z\"}, {\"note\": \"PayPal订单创建中\", \"status\": \"processing\", \"timestamp\": \"2025-04-10T08:35:35.043Z\"}]',NULL,NULL,'2025-04-10 09:05:17','2025-04-10 08:35:09','2025-04-10 14:02:52',NULL,'{\"platform\": \"PayPal\", \"processingStarted\": \"2025-04-10T08:35:35.043Z\"}','sb-5y43434339921146@personal.example.com'),(74,100,'USD','通过UnitPay支付','PayPal','{\"platform\": \"PayPal\", \"paypalEmail\": \"sb-xh6iz39050757@business.example.com\"}','0xb5049c47ede1f3ff0575d396d57b4c6a1ecef556',3,'0xb5049c47ede1f3ff0575d396d57b4c6a1ecef556',3,'expired','[{\"note\": \"支付意图创建\", \"status\": \"created\", \"timestamp\": \"2025-04-10T09:07:05.420Z\"}, {\"note\": \"LP 0xb5049c47ede1f3ff0575d396d57b4c6a1ecef556 认领任务\", \"status\": \"claimed\", \"timestamp\": \"2025-04-10T11:48:30.717Z\"}, {\"note\": \"PayPal订单创建中\", \"status\": \"processing\", \"timestamp\": \"2025-04-10T11:48:48.545Z\"}]',NULL,NULL,'2025-04-10 12:18:30','2025-04-10 09:07:05','2025-04-10 14:02:52',NULL,'{\"platform\": \"PayPal\", \"processingStarted\": \"2025-04-10T11:48:48.545Z\"}','sb-5y43434339921146@personal.example.com'),(75,100,'USD','通过UnitPay支付','PayPal','{\"platform\": \"PayPal\", \"paypalEmail\": \"sb-xh6iz39050757@business.example.com\"}','0xb5049c47ede1f3ff0575d396d57b4c6a1ecef556',3,'0xb5049c47ede1f3ff0575d396d57b4c6a1ecef556',3,'expired','[{\"note\": \"支付意图创建\", \"status\": \"created\", \"timestamp\": \"2025-04-10T09:07:09.177Z\"}, {\"note\": \"LP 0xb5049c47ede1f3ff0575d396d57b4c6a1ecef556 认领任务\", \"status\": \"claimed\", \"timestamp\": \"2025-04-10T10:58:22.370Z\"}, {\"note\": \"PayPal订单创建中\", \"status\": \"processing\", \"timestamp\": \"2025-04-10T11:45:28.517Z\"}]',NULL,NULL,'2025-04-10 11:28:22','2025-04-10 09:07:09','2025-04-10 14:02:52',NULL,'{\"platform\": \"PayPal\", \"processingStarted\": \"2025-04-10T11:45:28.518Z\"}','sb-5y43434339921146@personal.example.com'),(76,100,'USD','通过UnitPay支付','PayPal','{\"platform\": \"PayPal\", \"paypalEmail\": \"sb-xh6iz39050757@business.example.com\"}','0xb5049c47ede1f3ff0575d396d57b4c6a1ecef556',3,'0xb5049c47ede1f3ff0575d396d57b4c6a1ecef556',3,'expired','[{\"note\": \"支付意图创建\", \"status\": \"created\", \"timestamp\": \"2025-04-10T09:07:13.006Z\"}, {\"note\": \"LP 0xb5049c47ede1f3ff0575d396d57b4c6a1ecef556 认领任务\", \"status\": \"claimed\", \"timestamp\": \"2025-04-10T09:07:24.361Z\"}, {\"note\": \"PayPal订单创建中\", \"status\": \"processing\", \"timestamp\": \"2025-04-10T09:15:37.281Z\"}]',NULL,NULL,'2025-04-10 09:37:24','2025-04-10 09:07:13','2025-04-10 14:02:52',NULL,'{\"platform\": \"PayPal\", \"processingStarted\": \"2025-04-10T09:15:37.281Z\"}','sb-5y43434339921146@personal.example.com'),(77,100,'USD','通过UnitPay支付','PayPal','{\"platform\": \"PayPal\", \"paypalEmail\": \"sb-xh6iz39050757@business.example.com\"}','0xb5049c47ede1f3ff0575d396d57b4c6a1ecef556',3,'0xb5049c47ede1f3ff0575d396d57b4c6a1ecef556',3,'expired','[{\"note\": \"支付意图创建\", \"status\": \"created\", \"timestamp\": \"2025-04-10T09:07:16.689Z\"}, {\"note\": \"LP 0xb5049c47ede1f3ff0575d396d57b4c6a1ecef556 认领任务\", \"status\": \"claimed\", \"timestamp\": \"2025-04-10T09:07:22.484Z\"}, {\"note\": \"PayPal订单创建中\", \"status\": \"processing\", \"timestamp\": \"2025-04-10T09:07:44.159Z\"}]',NULL,NULL,'2025-04-10 09:37:22','2025-04-10 09:07:16','2025-04-10 14:02:52',NULL,'{\"platform\": \"PayPal\", \"processingStarted\": \"2025-04-10T09:07:44.159Z\"}','sb-5y43434339921146@personal.example.com'),(78,100,'USD','通过UnitPay支付','PayPal','{\"platform\": \"PayPal\", \"paypalEmail\": \"sb-xh6iz39050757@business.example.com\"}','0xb5049c47ede1f3ff0575d396d57b4c6a1ecef556',3,'0xb5049c47ede1f3ff0575d396d57b4c6a1ecef556',3,'expired','[{\"note\": \"支付意图创建\", \"status\": \"created\", \"timestamp\": \"2025-04-10T09:35:10.247Z\"}, {\"note\": \"LP 0xb5049c47ede1f3ff0575d396d57b4c6a1ecef556 认领任务\", \"status\": \"claimed\", \"timestamp\": \"2025-04-10T10:58:19.471Z\"}, {\"note\": \"PayPal订单创建中\", \"status\": \"processing\", \"timestamp\": \"2025-04-10T10:58:41.569Z\"}]',NULL,NULL,'2025-04-10 11:28:19','2025-04-10 09:35:10','2025-04-10 14:02:52',NULL,'{\"platform\": \"PayPal\", \"processingStarted\": \"2025-04-10T10:58:41.569Z\"}','sb-5y43434339921146@personal.example.com'),(79,100,'USD','通过UnitPay支付','PayPal','{\"platform\": \"PayPal\", \"paypalEmail\": \"sb-xh6iz39050757@business.example.com\"}','0xb5049c47ede1f3ff0575d396d57b4c6a1ecef556',3,'0xb5049c47ede1f3ff0575d396d57b4c6a1ecef556',3,'expired','[{\"note\": \"支付意图创建\", \"status\": \"created\", \"timestamp\": \"2025-04-10T09:35:14.304Z\"}, {\"note\": \"LP 0xb5049c47ede1f3ff0575d396d57b4c6a1ecef556 认领任务\", \"status\": \"claimed\", \"timestamp\": \"2025-04-10T09:36:07.444Z\"}, {\"note\": \"PayPal订单创建中\", \"status\": \"processing\", \"timestamp\": \"2025-04-10T10:52:25.220Z\"}]',NULL,NULL,'2025-04-10 10:06:07','2025-04-10 09:35:14','2025-04-10 14:02:52',NULL,'{\"platform\": \"PayPal\", \"processingStarted\": \"2025-04-10T10:52:25.220Z\"}','sb-5y43434339921146@personal.example.com'),(80,100,'USD','通过UnitPay支付','PayPal','{\"platform\": \"PayPal\", \"paypalEmail\": \"sb-xh6iz39050757@business.example.com\"}','0xb5049c47ede1f3ff0575d396d57b4c6a1ecef556',3,'0xb5049c47ede1f3ff0575d396d57b4c6a1ecef556',3,'expired','[{\"note\": \"支付意图创建\", \"status\": \"created\", \"timestamp\": \"2025-04-10T09:35:19.656Z\"}, {\"note\": \"LP 0xb5049c47ede1f3ff0575d396d57b4c6a1ecef556 认领任务\", \"status\": \"claimed\", \"timestamp\": \"2025-04-10T09:36:05.501Z\"}, {\"note\": \"PayPal订单创建中\", \"status\": \"processing\", \"timestamp\": \"2025-04-10T09:46:19.586Z\"}]',NULL,NULL,'2025-04-10 10:06:05','2025-04-10 09:35:19','2025-04-10 14:02:52',NULL,'{\"platform\": \"PayPal\", \"processingStarted\": \"2025-04-10T09:46:19.586Z\"}','sb-5y43434339921146@personal.example.com'),(81,100,'USD','通过UnitPay支付','PayPal','{\"platform\": \"PayPal\", \"paypalEmail\": \"sb-xh6iz39050757@business.example.com\"}','0xb5049c47ede1f3ff0575d396d57b4c6a1ecef556',3,NULL,3,'expired','[{\"note\": \"支付意图创建\", \"status\": \"created\", \"timestamp\": \"2025-04-10T09:35:25.281Z\"}, {\"note\": \"LP 0xb5049c47ede1f3ff0575d396d57b4c6a1ecef556 认领任务\", \"status\": \"claimed\", \"timestamp\": \"2025-04-10T09:36:03.667Z\"}, {\"note\": \"PayPal订单创建中\", \"status\": \"processing\", \"timestamp\": \"2025-04-10T09:36:24.696Z\"}, {\"note\": \"PayPal订单创建中\", \"status\": \"processing\", \"timestamp\": \"2025-04-10T12:12:28.028Z\"}, {\"note\": \"PayPal订单创建中\", \"status\": \"processing\", \"timestamp\": \"2025-04-10T12:42:39.669Z\"}, {\"note\": \"PayPal订单创建中\", \"status\": \"processing\", \"timestamp\": \"2025-04-10T13:39:08.040Z\"}]',NULL,NULL,'2025-04-10 10:06:03','2025-04-10 09:35:25','2025-04-10 14:02:52',NULL,'{\"platform\": \"PayPal\", \"processingStarted\": \"2025-04-10T13:39:08.040Z\"}','sb-5y43434339921146@personal.example.com'),(82,100,'USD','测试1','PayPal','{\"platform\": \"PayPal\", \"paypalEmail\": \"sb-xh6iz39050757@business.example.com\"}','0xb5049c47ede1f3ff0575d396d57b4c6a1ecef556',3,NULL,NULL,'expired','[{\"note\": \"支付意图创建\", \"status\": \"created\", \"timestamp\": \"2025-04-10T11:52:17.767Z\"}]',NULL,NULL,'2025-04-10 12:22:17','2025-04-10 11:52:17','2025-04-10 14:02:52',NULL,NULL,'sb-xh6iz39050757@business.example.com'),(83,100,'USD','测试2','PayPal','{\"platform\": \"PayPal\", \"paypalEmail\": \"sb-xh6iz39050757@business.example.com\"}','0xb5049c47ede1f3ff0575d396d57b4c6a1ecef556',3,NULL,NULL,'expired','[{\"note\": \"支付意图创建\", \"status\": \"created\", \"timestamp\": \"2025-04-10T11:52:24.937Z\"}]',NULL,NULL,'2025-04-10 12:22:24','2025-04-10 11:52:24','2025-04-10 14:02:52',NULL,NULL,'sb-xh6iz39050757@business.example.com'),(84,100,'USD','测试3','PayPal','{\"platform\": \"PayPal\", \"paypalEmail\": \"sb-xh6iz39050757@business.example.com\"}','0xb5049c47ede1f3ff0575d396d57b4c6a1ecef556',3,NULL,NULL,'expired','[{\"note\": \"支付意图创建\", \"status\": \"created\", \"timestamp\": \"2025-04-10T11:52:31.761Z\"}]',NULL,NULL,'2025-04-10 12:22:31','2025-04-10 11:52:31','2025-04-10 14:02:52',NULL,NULL,'sb-xh6iz39050757@business.example.com'),(85,100,'USD','测试4','PayPal','{\"platform\": \"PayPal\", \"paypalEmail\": \"sb-xh6iz39050757@business.example.com\"}','0xb5049c47ede1f3ff0575d396d57b4c6a1ecef556',3,NULL,NULL,'expired','[{\"note\": \"支付意图创建\", \"status\": \"created\", \"timestamp\": \"2025-04-10T11:52:38.026Z\"}]',NULL,NULL,'2025-04-10 12:22:38','2025-04-10 11:52:38','2025-04-10 14:02:52',NULL,NULL,'sb-xh6iz39050757@business.example.com'),(86,100,'USD','测试5','PayPal','{\"platform\": \"PayPal\", \"paypalEmail\": \"sb-xh6iz39050757@business.example.com\"}','0xb5049c47ede1f3ff0575d396d57b4c6a1ecef556',3,NULL,NULL,'expired','[{\"note\": \"支付意图创建\", \"status\": \"created\", \"timestamp\": \"2025-04-10T11:52:43.929Z\"}]',NULL,NULL,'2025-04-10 12:22:43','2025-04-10 11:52:43','2025-04-10 14:02:52',NULL,NULL,'sb-xh6iz39050757@business.example.com'),(87,100,'USD','测试6','PayPal','{\"platform\": \"PayPal\", \"paypalEmail\": \"sb-xh6iz39050757@business.example.com\"}','0xb5049c47ede1f3ff0575d396d57b4c6a1ecef556',3,NULL,NULL,'expired','[{\"note\": \"支付意图创建\", \"status\": \"created\", \"timestamp\": \"2025-04-10T11:52:50.014Z\"}]',NULL,NULL,'2025-04-10 12:22:50','2025-04-10 11:52:50','2025-04-10 14:02:52',NULL,NULL,'sb-xh6iz39050757@business.example.com'),(88,100,'USD','测试7','PayPal','{\"platform\": \"PayPal\", \"paypalEmail\": \"sb-xh6iz39050757@business.example.com\"}','0xb5049c47ede1f3ff0575d396d57b4c6a1ecef556',3,NULL,3,'expired','[{\"note\": \"支付意图创建\", \"status\": \"created\", \"timestamp\": \"2025-04-10T11:52:55.740Z\"}, {\"note\": \"LP 0xb5049c47ede1f3ff0575d396d57b4c6a1ecef556 认领任务\", \"status\": \"claimed\", \"timestamp\": \"2025-04-10T12:43:24.235Z\"}, {\"note\": \"PayPal订单创建中\", \"status\": \"processing\", \"timestamp\": \"2025-04-10T12:43:41.048Z\"}, {\"note\": \"PayPal订单创建中\", \"status\": \"processing\", \"timestamp\": \"2025-04-10T13:28:58.789Z\"}, {\"note\": \"PayPal订单创建中\", \"status\": \"processing\", \"timestamp\": \"2025-04-10T13:47:11.027Z\"}]',NULL,NULL,'2025-04-10 13:13:24','2025-04-10 11:52:55','2025-04-10 14:02:52',NULL,'{\"platform\": \"PayPal\", \"processingStarted\": \"2025-04-10T13:47:11.027Z\"}','sb-5y43434339921146@personal.example.com'),(89,100,'USD','测试8','PayPal','{\"platform\": \"PayPal\", \"paypalEmail\": \"sb-xh6iz39050757@business.example.com\"}','0xb5049c47ede1f3ff0575d396d57b4c6a1ecef556',3,'0xb5049c47ede1f3ff0575d396d57b4c6a1ecef556',3,'expired','[{\"note\": \"支付意图创建\", \"status\": \"created\", \"timestamp\": \"2025-04-10T11:53:02.847Z\"}, {\"note\": \"LP 0xb5049c47ede1f3ff0575d396d57b4c6a1ecef556 认领任务\", \"status\": \"claimed\", \"timestamp\": \"2025-04-10T11:53:15.181Z\"}, {\"note\": \"PayPal订单创建中\", \"status\": \"processing\", \"timestamp\": \"2025-04-10T11:53:36.664Z\"}, {\"note\": \"PayPal订单创建中\", \"status\": \"processing\", \"timestamp\": \"2025-04-10T12:03:24.922Z\"}, {\"note\": \"PayPal订单创建中\", \"status\": \"processing\", \"timestamp\": \"2025-04-10T12:35:28.519Z\"}, {\"note\": \"PayPal订单创建中\", \"status\": \"processing\", \"timestamp\": \"2025-04-10T13:06:08.804Z\"}, {\"note\": \"PayPal订单创建中\", \"status\": \"processing\", \"timestamp\": \"2025-04-10T13:19:25.629Z\"}, {\"note\": \"PayPal订单创建中\", \"status\": \"processing\", \"timestamp\": \"2025-04-10T13:37:24.937Z\"}]',NULL,NULL,'2025-04-10 12:23:15','2025-04-10 11:53:02','2025-04-10 14:02:52',NULL,'{\"platform\": \"PayPal\", \"processingStarted\": \"2025-04-10T13:37:24.938Z\"}','sb-5y43434339921146@personal.example.com'),(90,100,'USD','通过UnitPay支付','PayPal','{\"platform\": \"PayPal\", \"paypalEmail\": \"sb-xh6iz39050757@business.example.com\"}','0xb5049c47ede1f3ff0575d396d57b4c6a1ecef556',3,NULL,NULL,'expired','[{\"note\": \"支付意图创建\", \"status\": \"created\", \"timestamp\": \"2025-04-11T01:43:44.194Z\"}]',NULL,NULL,'2025-04-11 02:13:44','2025-04-11 01:43:44','2025-04-11 02:25:48',NULL,NULL,'sb-xh6iz39050757@business.example.com'),(91,100,'USD','测试1','PayPal','{\"platform\": \"PayPal\", \"paypalEmail\": \"sb-xh6iz39050757@business.example.com\"}','0xb5049c47ede1f3ff0575d396d57b4c6a1ecef556',3,NULL,NULL,'expired','[{\"note\": \"支付意图创建\", \"status\": \"created\", \"timestamp\": \"2025-04-11T01:44:24.063Z\"}]',NULL,NULL,'2025-04-11 02:14:24','2025-04-11 01:44:24','2025-04-11 02:25:48',NULL,NULL,'sb-xh6iz39050757@business.example.com'),(92,100,'USD','测试2','PayPal','{\"platform\": \"PayPal\", \"paypalEmail\": \"sb-xh6iz39050757@business.example.com\"}','0xb5049c47ede1f3ff0575d396d57b4c6a1ecef556',3,NULL,NULL,'expired','[{\"note\": \"支付意图创建\", \"status\": \"created\", \"timestamp\": \"2025-04-11T01:44:29.778Z\"}]',NULL,NULL,'2025-04-11 02:14:29','2025-04-11 01:44:29','2025-04-11 02:25:48',NULL,NULL,'sb-xh6iz39050757@business.example.com'),(93,100,'USD','通过UnitPay支付','PayPal','{\"platform\": \"PayPal\", \"paypalEmail\": \"sb-xh6iz39050757@business.example.com\"}','0xb5049c47ede1f3ff0575d396d57b4c6a1ecef556',3,NULL,NULL,'expired','[{\"note\": \"支付意图创建\", \"status\": \"created\", \"timestamp\": \"2025-04-11T01:44:33.971Z\"}]',NULL,NULL,'2025-04-11 02:14:33','2025-04-11 01:44:33','2025-04-11 02:25:48',NULL,NULL,'sb-xh6iz39050757@business.example.com'),(94,100,'USD','测试4','PayPal','{\"platform\": \"PayPal\", \"paypalEmail\": \"sb-xh6iz39050757@business.example.com\"}','0xb5049c47ede1f3ff0575d396d57b4c6a1ecef556',3,'0xb5049c47ede1f3ff0575d396d57b4c6a1ecef556',3,'expired','[{\"note\": \"支付意图创建\", \"status\": \"created\", \"timestamp\": \"2025-04-11T01:44:39.881Z\"}, {\"note\": \"LP 0xb5049c47ede1f3ff0575d396d57b4c6a1ecef556 认领任务\", \"status\": \"claimed\", \"timestamp\": \"2025-04-11T01:53:50.411Z\"}, {\"note\": \"LP 0xb5049c47ede1f3ff0575d396d57b4c6a1ecef556 认领任务\", \"status\": \"claimed\", \"timestamp\": \"2025-04-11T02:09:27.416Z\"}]','{\"createTime\": \"2025-04-11T02:26:29.163Z\", \"merchantEmail\": \"sb-xh6iz39050757@business.example.com\", \"paypalOrderId\": \"3WL14672Y20769603\", \"merchantEmailSource\": \"request\"}',NULL,'2025-04-11 02:39:27','2025-04-11 01:44:39','2025-04-11 02:45:09',NULL,'{\"platform\": \"PayPal\", \"merchantEmail\": \"sb-xh6iz39050757@business.example.com\", \"processingStarted\": \"2025-04-11T02:26:26.232Z\", \"merchantEmailSource\": \"request\"}','sb-5y43434339921146@personal.example.com'),(95,100,'USD','测试5','PayPal','{\"platform\": \"PayPal\", \"paypalEmail\": \"sb-xh6iz39050757@business.example.com\"}','0xb5049c47ede1f3ff0575d396d57b4c6a1ecef556',3,'0xb5049c47ede1f3ff0575d396d57b4c6a1ecef556',3,'expired','[{\"note\": \"支付意图创建\", \"status\": \"created\", \"timestamp\": \"2025-04-11T01:44:45.463Z\"}, {\"note\": \"LP 0xb5049c47ede1f3ff0575d396d57b4c6a1ecef556 认领任务\", \"status\": \"claimed\", \"timestamp\": \"2025-04-11T01:44:57.283Z\"}, {\"note\": \"LP 0xb5049c47ede1f3ff0575d396d57b4c6a1ecef556 认领任务\", \"status\": \"claimed\", \"timestamp\": \"2025-04-11T02:00:22.152Z\"}, {\"note\": \"LP 0xb5049c47ede1f3ff0575d396d57b4c6a1ecef556 认领任务\", \"status\": \"claimed\", \"timestamp\": \"2025-04-11T02:09:25.047Z\"}]','{\"createTime\": \"2025-04-11T02:09:37.973Z\", \"merchantEmail\": \"sb-xh6iz39050757@business.example.com\", \"paypalOrderId\": \"7NU070994L917483H\", \"merchantEmailSource\": \"request\"}',NULL,'2025-04-11 02:39:25','2025-04-11 01:44:45','2025-04-11 02:45:09',NULL,'{\"platform\": \"PayPal\", \"merchantEmail\": \"sb-xh6iz39050757@business.example.com\", \"processingStarted\": \"2025-04-11T02:09:35.792Z\", \"merchantEmailSource\": \"request\"}','sb-5y43434339921146@personal.example.com'),(96,100,'USD','测试10','PayPal','{\"platform\": \"PayPal\", \"paypalEmail\": \"sb-xh6iz39050757@business.example.com\"}','0xb5049c47ede1f3ff0575d396d57b4c6a1ecef556',3,NULL,NULL,'expired','[{\"note\": \"支付意图创建\", \"status\": \"created\", \"timestamp\": \"2025-04-11T02:54:38.494Z\"}]',NULL,NULL,'2025-04-11 03:24:38','2025-04-11 02:54:38','2025-04-11 03:25:23',NULL,NULL,'sb-xh6iz39050757@business.example.com'),(97,100,'USD','测试11','PayPal','{\"platform\": \"PayPal\", \"paypalEmail\": \"sb-xh6iz39050757@business.example.com\"}','0xb5049c47ede1f3ff0575d396d57b4c6a1ecef556',3,'0xb5049c47ede1f3ff0575d396d57b4c6a1ecef556',3,'expired','[{\"note\": \"支付意图创建\", \"status\": \"created\", \"timestamp\": \"2025-04-11T02:54:45.365Z\"}, {\"note\": \"LP 0xb5049c47ede1f3ff0575d396d57b4c6a1ecef556 认领任务\", \"status\": \"claimed\", \"timestamp\": \"2025-04-11T02:55:21.115Z\"}, {\"note\": \"LP 0xb5049c47ede1f3ff0575d396d57b4c6a1ecef556 认领任务\", \"status\": \"claimed\", \"timestamp\": \"2025-04-11T03:09:43.998Z\"}]','{\"createTime\": \"2025-04-11T03:02:19.891Z\", \"merchantEmail\": \"sb-xh6iz39050757@business.example.com\", \"paypalOrderId\": \"7LN00018XY726961X\", \"merchantEmailSource\": \"request\"}',NULL,'2025-04-11 03:39:43','2025-04-11 02:54:45','2025-04-11 03:52:04',NULL,'{\"platform\": \"PayPal\", \"merchantEmail\": \"sb-xh6iz39050757@business.example.com\", \"processingStarted\": \"2025-04-11T03:02:14.687Z\", \"merchantEmailSource\": \"request\"}','sb-5y43434339921146@personal.example.com'),(98,100,'USD','测试12','PayPal','{\"platform\": \"PayPal\", \"paypalEmail\": \"sb-xh6iz39050757@business.example.com\"}','0xb5049c47ede1f3ff0575d396d57b4c6a1ecef556',3,NULL,NULL,'expired','[{\"note\": \"支付意图创建\", \"status\": \"created\", \"timestamp\": \"2025-04-11T02:54:51.972Z\"}, {\"note\": \"LP 0xb5049c47ede1f3ff0575d396d57b4c6a1ecef556 认领任务\", \"status\": \"claimed\", \"timestamp\": \"2025-04-11T02:55:15.738Z\"}, {\"note\": \"LP 0xb5049c47ede1f3ff0575d396d57b4c6a1ecef556 认领任务\", \"status\": \"claimed\", \"timestamp\": \"2025-04-11T03:09:42.063Z\"}]','{\"createTime\": \"2025-04-11T03:09:58.200Z\", \"merchantEmail\": \"sb-xh6iz39050757@business.example.com\", \"paypalOrderId\": \"801307333F396660G\", \"merchantEmailSource\": \"request\"}',NULL,'2025-04-11 03:39:42','2025-04-11 02:54:51','2025-04-11 03:52:04',NULL,'{\"platform\": \"PayPal\", \"merchantEmail\": \"sb-xh6iz39050757@business.example.com\", \"processingStarted\": \"2025-04-11T03:09:54.206Z\", \"merchantEmailSource\": \"request\"}','sb-5y43434339921146@personal.example.com'),(99,100,'USD','测试1','PayPal','{\"platform\": \"PayPal\", \"paypalEmail\": \"sb-xh6iz39050757@business.example.com\"}','0x8a620a56a249ae03b41012897b3b1c61367caf2c',2,NULL,NULL,'expired','[{\"note\": \"支付意图创建\", \"status\": \"created\", \"timestamp\": \"2025-04-11T03:24:41.384Z\"}, {\"note\": \"LP 0xb5049c47ede1f3ff0575d396d57b4c6a1ecef556 认领任务\", \"status\": \"claimed\", \"timestamp\": \"2025-04-11T03:25:40.151Z\"}]','{\"createTime\": \"2025-04-11T03:26:33.548Z\", \"merchantEmail\": \"sb-xh6iz39050757@business.example.com\", \"paypalOrderId\": \"7CC88622CM497482T\", \"merchantEmailSource\": \"request\"}',NULL,'2025-04-11 03:55:40','2025-04-11 03:24:41','2025-04-11 03:56:04',NULL,'{\"platform\": \"PayPal\", \"merchantEmail\": \"sb-xh6iz39050757@business.example.com\", \"processingStarted\": \"2025-04-11T03:26:29.470Z\", \"merchantEmailSource\": \"request\"}','sb-5y43434339921146@personal.example.com'),(100,100,'USD','测试2','PayPal','{\"platform\": \"PayPal\", \"paypalEmail\": \"sb-xh6iz39050757@business.example.com\"}','0x8a620a56a249ae03b41012897b3b1c61367caf2c',2,NULL,NULL,'expired','[{\"note\": \"支付意图创建\", \"status\": \"created\", \"timestamp\": \"2025-04-11T03:24:53.781Z\"}, {\"note\": \"LP 0xb5049c47ede1f3ff0575d396d57b4c6a1ecef556 认领任务\", \"status\": \"claimed\", \"timestamp\": \"2025-04-11T03:25:38.111Z\"}]','{\"createTime\": \"2025-04-11T03:25:52.653Z\", \"merchantEmail\": \"sb-xh6iz39050757@business.example.com\", \"paypalOrderId\": \"7G969441054536009\", \"merchantEmailSource\": \"request\"}',NULL,'2025-04-11 03:55:38','2025-04-11 03:24:53','2025-04-11 03:56:04',NULL,'{\"platform\": \"PayPal\", \"merchantEmail\": \"sb-xh6iz39050757@business.example.com\", \"processingStarted\": \"2025-04-11T03:25:48.166Z\", \"merchantEmailSource\": \"request\"}','sb-5y43434339921146@personal.example.com'),(101,100,'USD','测试1','PayPal','{\"platform\": \"PayPal\", \"paypalEmail\": \"sb-xh6iz39050757@business.example.com\"}','0xb5049c47ede1f3ff0575d396d57b4c6a1ecef556',3,'0xb5049c47ede1f3ff0575d396d57b4c6a1ecef556',3,'expired','[{\"note\": \"支付意图创建\", \"status\": \"created\", \"timestamp\": \"2025-04-11T04:32:49.272Z\"}, {\"note\": \"LP 0xb5049c47ede1f3ff0575d396d57b4c6a1ecef556 认领任务\", \"status\": \"claimed\", \"timestamp\": \"2025-04-11T04:56:52.132Z\"}]',NULL,NULL,'2025-04-11 05:26:52','2025-04-11 04:32:49','2025-04-11 05:26:57',NULL,NULL,'sb-o3jcs29741632@business.example.com'),(102,100,'USD','测试2','PayPal','{\"platform\": \"PayPal\", \"paypalEmail\": \"sb-xh6iz39050757@business.example.com\"}','0xb5049c47ede1f3ff0575d396d57b4c6a1ecef556',3,NULL,NULL,'expired','[{\"note\": \"支付意图创建\", \"status\": \"created\", \"timestamp\": \"2025-04-11T04:32:57.594Z\"}, {\"note\": \"LP 0xb5049c47ede1f3ff0575d396d57b4c6a1ecef556 认领任务\", \"status\": \"claimed\", \"timestamp\": \"2025-04-11T04:56:49.841Z\"}]','{\"createTime\": \"2025-04-11T05:08:35.926Z\", \"merchantEmail\": \"sb-xh6iz39050757@business.example.com\", \"paypalOrderId\": \"2B792628HU392060U\", \"merchantEmailSource\": \"request\"}',NULL,'2025-04-11 05:26:49','2025-04-11 04:32:57','2025-04-11 05:26:57',NULL,'{\"platform\": \"PayPal\", \"merchantEmail\": \"sb-xh6iz39050757@business.example.com\", \"processingStarted\": \"2025-04-11T05:08:33.134Z\", \"merchantEmailSource\": \"request\"}','sb-o3jcs29741632@business.example.com'),(103,100,'USD','测试3','PayPal','{\"platform\": \"PayPal\", \"paypalEmail\": \"sb-xh6iz39050757@business.example.com\"}','0xb5049c47ede1f3ff0575d396d57b4c6a1ecef556',3,'0xb5049c47ede1f3ff0575d396d57b4c6a1ecef556',3,'expired','[{\"note\": \"支付意图创建\", \"status\": \"created\", \"timestamp\": \"2025-04-11T04:33:20.133Z\"}, {\"note\": \"LP 0xb5049c47ede1f3ff0575d396d57b4c6a1ecef556 认领任务\", \"status\": \"claimed\", \"timestamp\": \"2025-04-11T04:34:47.901Z\"}]',NULL,NULL,'2025-04-11 05:04:47','2025-04-11 04:33:20','2025-04-11 05:05:13',NULL,NULL,'sb-5y43434339921146@personal.example.com'),(104,100,'USD','测试4','PayPal','{\"platform\": \"PayPal\", \"paypalEmail\": \"sb-o3jcs29741632@business.example.com\"}','0xb5049c47ede1f3ff0575d396d57b4c6a1ecef556',3,'0xb5049c47ede1f3ff0575d396d57b4c6a1ecef556',3,'expired','[{\"note\": \"支付意图创建\", \"status\": \"created\", \"timestamp\": \"2025-04-11T04:34:15.725Z\"}, {\"note\": \"LP 0xb5049c47ede1f3ff0575d396d57b4c6a1ecef556 认领任务\", \"status\": \"claimed\", \"timestamp\": \"2025-04-11T04:34:46.041Z\"}]',NULL,NULL,'2025-04-11 05:04:46','2025-04-11 04:34:15','2025-04-11 05:05:13',NULL,NULL,'sb-o3jcs29741632@business.example.com'),(105,100,'USD','通过UnitPay支付','PayPal','{\"platform\": \"PayPal\", \"paypalEmail\": \"sb-xh6iz39050757@business.example.com\"}','0xb5049c47ede1f3ff0575d396d57b4c6a1ecef556',3,NULL,NULL,'expired','[{\"note\": \"支付意图创建\", \"status\": \"created\", \"timestamp\": \"2025-04-11T04:43:43.033Z\"}, {\"note\": \"LP 0xb5049c47ede1f3ff0575d396d57b4c6a1ecef556 认领任务\", \"status\": \"claimed\", \"timestamp\": \"2025-04-11T04:57:21.044Z\"}]','{\"createTime\": \"2025-04-11T05:03:44.256Z\", \"merchantEmail\": \"sb-xh6iz39050757@business.example.com\", \"paypalOrderId\": \"6U192114JL781402V\", \"merchantEmailSource\": \"request\"}',NULL,'2025-04-11 05:27:21','2025-04-11 04:43:43','2025-04-11 05:27:57',NULL,'{\"platform\": \"PayPal\", \"merchantEmail\": \"sb-xh6iz39050757@business.example.com\", \"processingStarted\": \"2025-04-11T05:03:41.019Z\", \"merchantEmailSource\": \"request\"}','sb-o3jcs29741632@business.example.com'),(106,100,'USD','通过UnitPay支付','PayPal','{\"platform\": \"PayPal\", \"paypalEmail\": \"sb-xh6iz39050757@business.example.com\"}','0xb5049c47ede1f3ff0575d396d57b4c6a1ecef556',3,NULL,NULL,'expired','[{\"note\": \"支付意图创建\", \"status\": \"created\", \"timestamp\": \"2025-04-11T04:54:53.197Z\"}, {\"note\": \"LP 0xb5049c47ede1f3ff0575d396d57b4c6a1ecef556 认领任务\", \"status\": \"claimed\", \"timestamp\": \"2025-04-11T04:56:41.483Z\"}]','{\"createTime\": \"2025-04-11T04:59:24.931Z\", \"merchantEmail\": \"sb-xh6iz39050757@business.example.com\", \"paypalOrderId\": \"8LC53080SX9162248\", \"merchantEmailSource\": \"request\"}',NULL,'2025-04-11 05:26:41','2025-04-11 04:54:53','2025-04-11 05:26:57',NULL,'{\"platform\": \"PayPal\", \"merchantEmail\": \"sb-xh6iz39050757@business.example.com\", \"processingStarted\": \"2025-04-11T04:59:21.779Z\", \"merchantEmailSource\": \"request\"}','sb-o3jcs29741632@business.example.com'),(107,100,'USD','通过UnitPay支付','PayPal','{\"platform\": \"PayPal\", \"paypalEmail\": \"sb-xh6iz39050757@business.example.com\"}','0xb5049c47ede1f3ff0575d396d57b4c6a1ecef556',3,NULL,NULL,'expired','[{\"note\": \"支付意图创建\", \"status\": \"created\", \"timestamp\": \"2025-04-11T05:29:25.140Z\"}]',NULL,NULL,'2025-04-11 05:59:25','2025-04-11 05:29:25','2025-04-11 05:59:40',NULL,NULL,'sb-xh6iz39050757@business.example.com'),(108,100,'USD','通过UnitPay支付','PayPal','{\"platform\": \"PayPal\", \"paypalEmail\": \"sb-xh6iz39050757@business.example.com\"}','0xb5049c47ede1f3ff0575d396d57b4c6a1ecef556',3,'0xb5049c47ede1f3ff0575d396d57b4c6a1ecef556',3,'paid','[{\"note\": \"支付意图创建\", \"status\": \"created\", \"timestamp\": \"2025-04-11T05:29:30.060Z\"}, {\"note\": \"LP 0xb5049c47ede1f3ff0575d396d57b4c6a1ecef556 认领任务\", \"status\": \"claimed\", \"timestamp\": \"2025-04-11T05:29:51.625Z\"}, {\"note\": \"LP 0xb5049c47ede1f3ff0575d396d57b4c6a1ecef556 认领任务\", \"status\": \"claimed\", \"timestamp\": \"2025-04-11T05:55:59.748Z\"}, {\"note\": \"LP 0xb5049c47ede1f3ff0575d396d57b4c6a1ecef556 认领任务\", \"status\": \"claimed\", \"timestamp\": \"2025-04-11T06:17:53.408Z\"}, {\"note\": \"LP 0xb5049c47ede1f3ff0575d396d57b4c6a1ecef556 认领任务\", \"status\": \"claimed\", \"timestamp\": \"2025-04-11T07:23:29.886Z\"}, {\"note\": \"PayPal支付已捕获，订单ID: 4JS63646ST6869941, 捕获ID: 8S449543DJ331041W\", \"status\": \"paid\", \"timestamp\": \"2025-04-11T07:30:55.706Z\"}]','{\"status\": \"COMPLETED\", \"captureId\": \"8S449543DJ331041W\", \"createTime\": \"2025-04-11T07:30:55Z\", \"paypalStatus\": \"COMPLETED\", \"merchantEmail\": \"sb-xh6iz39050757@business.example.com\", \"paypalOrderId\": \"4JS63646ST6869941\", \"paypalCaptureId\": \"8S449543DJ331041W\", \"transactionTime\": \"2025-04-11T07:30:55.706Z\"}',NULL,'2025-04-11 07:53:29','2025-04-11 05:29:30','2025-04-11 07:30:55',NULL,'{\"platform\": \"PayPal\", \"merchantEmail\": \"sb-xh6iz39050757@business.example.com\", \"processingStarted\": \"2025-04-11T07:29:52.951Z\", \"paypalOrderCapture\": {\"captureId\": \"8S449543DJ331041W\", \"captureTime\": \"2025-04-11T07:30:55.706Z\", \"captureStatus\": \"COMPLETED\"}, \"merchantEmailSource\": \"request\"}','sb-xh6iz39050757@business.example.com'),(109,100,'USD','通过UnitPay支付','PayPal','{\"platform\": \"PayPal\", \"paypalEmail\": \"sb-xh6iz39050757@business.example.com\"}','0xb5049c47ede1f3ff0575d396d57b4c6a1ecef556',3,NULL,NULL,'expired','[{\"note\": \"支付意图创建\", \"status\": \"created\", \"timestamp\": \"2025-04-11T05:29:34.949Z\"}, {\"note\": \"LP 0xb5049c47ede1f3ff0575d396d57b4c6a1ecef556 认领任务\", \"status\": \"claimed\", \"timestamp\": \"2025-04-11T05:29:49.478Z\"}, {\"note\": \"LP 0xb5049c47ede1f3ff0575d396d57b4c6a1ecef556 认领任务\", \"status\": \"claimed\", \"timestamp\": \"2025-04-11T05:55:57.856Z\"}, {\"note\": \"LP 0xb5049c47ede1f3ff0575d396d57b4c6a1ecef556 认领任务\", \"status\": \"claimed\", \"timestamp\": \"2025-04-11T06:17:50.680Z\"}, {\"note\": \"LP 0xb5049c47ede1f3ff0575d396d57b4c6a1ecef556 认领任务\", \"status\": \"claimed\", \"timestamp\": \"2025-04-11T07:23:27.548Z\"}]','{\"createTime\": \"2025-04-11T07:23:47.283Z\", \"merchantEmail\": \"sb-xh6iz39050757@business.example.com\", \"paypalOrderId\": \"68T90478A72889704\", \"merchantEmailSource\": \"request\"}',NULL,'2025-04-11 07:53:27','2025-04-11 05:29:34','2025-04-11 07:54:20',NULL,'{\"platform\": \"PayPal\", \"merchantEmail\": \"sb-xh6iz39050757@business.example.com\", \"processingStarted\": \"2025-04-11T07:23:42.773Z\", \"merchantEmailSource\": \"request\"}','sb-o3jcs29741632@business.example.com'),(110,100,'USD','通过UnitPay支付','PayPal','{\"platform\": \"PayPal\", \"paypalEmail\": \"sb-xh6iz39050757@business.example.com\"}','0x8a620a56a249ae03b41012897b3b1c61367caf2c',2,NULL,NULL,'expired','[{\"note\": \"支付意图创建\", \"status\": \"created\", \"timestamp\": \"2025-04-11T07:53:48.548Z\"}]',NULL,NULL,'2025-04-11 08:23:48','2025-04-11 07:53:48','2025-04-11 08:24:10',NULL,NULL,'sb-xh6iz39050757@business.example.com'),(111,100,'USD','通过UnitPay支付','PayPal','{\"platform\": \"PayPal\", \"paypalEmail\": \"sb-xh6iz39050757@business.example.com\"}','0x8a620a56a249ae03b41012897b3b1c61367caf2c',2,NULL,NULL,'expired','[{\"note\": \"支付意图创建\", \"status\": \"created\", \"timestamp\": \"2025-04-11T07:53:53.445Z\"}]',NULL,NULL,'2025-04-11 08:23:53','2025-04-11 07:53:53','2025-04-11 08:24:10',NULL,NULL,'sb-xh6iz39050757@business.example.com'),(112,100,'USD','通过UnitPay支付','PayPal','{\"platform\": \"PayPal\", \"paypalEmail\": \"sb-xh6iz39050757@business.example.com\"}','0x8a620a56a249ae03b41012897b3b1c61367caf2c',2,NULL,NULL,'expired','[{\"note\": \"支付意图创建\", \"status\": \"created\", \"timestamp\": \"2025-04-11T07:53:58.598Z\"}]',NULL,NULL,'2025-04-11 08:23:58','2025-04-11 07:53:58','2025-04-11 08:24:10',NULL,NULL,'sb-xh6iz39050757@business.example.com'),(113,100,'USD','通过UnitPay支付','PayPal','{\"platform\": \"PayPal\", \"paypalEmail\": \"sb-xh6iz39050757@business.example.com\"}','0x8a620a56a249ae03b41012897b3b1c61367caf2c',2,NULL,NULL,'expired','[{\"note\": \"支付意图创建\", \"status\": \"created\", \"timestamp\": \"2025-04-11T07:54:04.368Z\"}]',NULL,NULL,'2025-04-11 08:24:04','2025-04-11 07:54:04','2025-04-11 08:24:10',NULL,NULL,'sb-xh6iz39050757@business.example.com'),(114,100,'USD','通过UnitPay支付','PayPal','{\"platform\": \"PayPal\", \"paypalEmail\": \"sb-xh6iz39050757@business.example.com\"}','0x8a620a56a249ae03b41012897b3b1c61367caf2c',2,NULL,NULL,'expired','[{\"note\": \"支付意图创建\", \"status\": \"created\", \"timestamp\": \"2025-04-11T07:54:10.969Z\"}]',NULL,NULL,'2025-04-11 08:24:10','2025-04-11 07:54:10','2025-04-11 08:25:10',NULL,NULL,'sb-xh6iz39050757@business.example.com'),(115,100,'USD','通过UnitPay支付','PayPal','{\"platform\": \"PayPal\", \"paypalEmail\": \"sb-xh6iz39050757@business.example.com\"}','0x8a620a56a249ae03b41012897b3b1c61367caf2c',2,'0xb5049c47ede1f3ff0575d396d57b4c6a1ecef556',3,'expired','[{\"note\": \"支付意图创建\", \"status\": \"created\", \"timestamp\": \"2025-04-11T08:31:46.593Z\"}, {\"note\": \"LP 0xb5049c47ede1f3ff0575d396d57b4c6a1ecef556 认领任务\", \"status\": \"claimed\", \"timestamp\": \"2025-04-11T08:50:51.186Z\"}]',NULL,NULL,'2025-04-11 09:20:51','2025-04-11 08:31:46','2025-04-11 09:22:33',NULL,NULL,'sb-5y43434339921146@personal.example.com'),(116,100,'USD','通过UnitPay支付','PayPal','{\"platform\": \"PayPal\", \"paypalEmail\": \"sb-xh6iz39050757@business.example.com\"}','0x8a620a56a249ae03b41012897b3b1c61367caf2c',2,'0xb5049c47ede1f3ff0575d396d57b4c6a1ecef556',3,'paid','[{\"note\": \"支付意图创建\", \"status\": \"created\", \"timestamp\": \"2025-04-11T08:31:53.647Z\"}, {\"note\": \"LP 0xb5049c47ede1f3ff0575d396d57b4c6a1ecef556 认领任务\", \"status\": \"claimed\", \"timestamp\": \"2025-04-11T08:33:46.168Z\"}, {\"note\": \"PayPal支付已捕获，订单ID: 69312212RN084373H, 捕获ID: 3Y819728F5325930G\", \"status\": \"paid\", \"timestamp\": \"2025-04-11T08:51:17.396Z\"}]','{\"status\": \"COMPLETED\", \"captureId\": \"3Y819728F5325930G\", \"createTime\": \"2025-04-11T08:51:17Z\", \"paypalStatus\": \"COMPLETED\", \"merchantEmail\": \"sb-xh6iz39050757@business.example.com\", \"paypalOrderId\": \"69312212RN084373H\", \"paypalCaptureId\": \"3Y819728F5325930G\", \"transactionTime\": \"2025-04-11T08:51:17.396Z\"}',NULL,'2025-04-11 09:03:46','2025-04-11 08:31:53','2025-04-11 08:51:17',NULL,'{\"platform\": \"PayPal\", \"merchantEmail\": \"sb-xh6iz39050757@business.example.com\", \"processingStarted\": \"2025-04-11T08:51:01.709Z\", \"paypalOrderCapture\": {\"captureId\": \"3Y819728F5325930G\", \"captureTime\": \"2025-04-11T08:51:17.396Z\", \"captureStatus\": \"COMPLETED\"}, \"merchantEmailSource\": \"request\"}','sb-xh6iz39050757@business.example.com'),(117,100,'USD','通过UnitPay支付','PayPal','{\"platform\": \"PayPal\", \"paypalEmail\": \"sb-xh6iz39050757@business.example.com\"}','0x8a620a56a249ae03b41012897b3b1c61367caf2c',2,'0xb5049c47ede1f3ff0575d396d57b4c6a1ecef556',3,'confirmed','[{\"note\": \"支付意图创建\", \"status\": \"created\", \"timestamp\": \"2025-04-11T08:32:01.550Z\"}, {\"note\": \"LP 0xb5049c47ede1f3ff0575d396d57b4c6a1ecef556 认领任务\", \"status\": \"claimed\", \"timestamp\": \"2025-04-11T08:33:44.435Z\"}, {\"note\": \"PayPal支付已捕获，订单ID: 6UW44528NV497220M, 捕获ID: 4CR44000MG402240J\", \"status\": \"paid\", \"timestamp\": \"2025-04-11T08:41:55.478Z\"}, {\"note\": \"用户 0x8a620a56a249ae03b41012897b3b1c61367caf2c 确认已收到付款\", \"status\": \"confirmed\", \"timestamp\": \"2025-04-11T08:43:04.899Z\"}, {\"note\": \"结算失败: 支付意图状态 confirmed 不可结算\", \"status\": \"settlement_failed\", \"timestamp\": \"2025-04-11T08:43:05.036Z\"}]','{}',NULL,'2025-04-11 09:03:44','2025-04-11 08:32:01','2025-04-11 08:43:05',NULL,'{\"platform\": \"PayPal\", \"merchantEmail\": \"sb-xh6iz39050757@business.example.com\", \"processingStarted\": \"2025-04-11T08:40:44.041Z\", \"paypalOrderCapture\": {\"captureId\": \"4CR44000MG402240J\", \"captureTime\": \"2025-04-11T08:41:55.478Z\", \"captureStatus\": \"COMPLETED\"}, \"merchantEmailSource\": \"request\"}','sb-xh6iz39050757@business.example.com'),(118,100,'USD','通过UnitPay支付','PayPal','{\"platform\": \"PayPal\", \"paypalEmail\": \"sb-xh6iz39050757@business.example.com\"}','0x8a620a56a249ae03b41012897b3b1c61367caf2c',2,'0xb5049c47ede1f3ff0575d396d57b4c6a1ecef556',3,'confirmed','[{\"note\": \"支付意图创建\", \"status\": \"created\", \"timestamp\": \"2025-04-11T08:32:12.709Z\"}, {\"note\": \"LP 0xb5049c47ede1f3ff0575d396d57b4c6a1ecef556 认领任务\", \"status\": \"claimed\", \"timestamp\": \"2025-04-11T08:33:32.969Z\"}, {\"note\": \"PayPal支付已捕获，订单ID: 8YB665782T311940H, 捕获ID: 7KR31308G1542691C\", \"status\": \"paid\", \"timestamp\": \"2025-04-11T08:34:42.927Z\"}, {\"note\": \"用户 0x8a620a56a249ae03b41012897b3b1c61367caf2c 确认已收到付款\", \"status\": \"confirmed\", \"timestamp\": \"2025-04-11T08:35:37.371Z\"}, {\"note\": \"结算失败: 支付意图状态 confirmed 不可结算\", \"status\": \"settlement_failed\", \"timestamp\": \"2025-04-11T08:35:38.294Z\"}]','{}',NULL,'2025-04-11 09:03:32','2025-04-11 08:32:12','2025-04-11 08:35:38',NULL,'{\"platform\": \"PayPal\", \"merchantEmail\": \"sb-xh6iz39050757@business.example.com\", \"processingStarted\": \"2025-04-11T08:34:10.421Z\", \"paypalOrderCapture\": {\"captureId\": \"7KR31308G1542691C\", \"captureTime\": \"2025-04-11T08:34:42.928Z\", \"captureStatus\": \"COMPLETED\"}, \"merchantEmailSource\": \"request\"}','sb-xh6iz39050757@business.example.com'),(119,100,'USD','cw','PayPal','{\"platform\": \"PayPal\", \"paypalEmail\": \"sb-xh6iz39050757@business.example.com\"}','0x8a620a56a249ae03b41012897b3b1c61367caf2c',2,NULL,NULL,'expired','[{\"note\": \"支付意图创建\", \"status\": \"created\", \"timestamp\": \"2025-04-11T12:27:12.807Z\"}]',NULL,NULL,'2025-04-11 12:57:12','2025-04-11 12:27:12','2025-04-11 12:57:18',NULL,NULL,'sb-xh6iz39050757@business.example.com'),(120,100,'USD','通过UnitPay支付','PayPal','{\"platform\": \"PayPal\", \"paypalEmail\": \"sb-xh6iz39050757@business.example.com\"}','0x8a620a56a249ae03b41012897b3b1c61367caf2c',2,NULL,NULL,'expired','[{\"note\": \"支付意图创建\", \"status\": \"created\", \"timestamp\": \"2025-04-11T12:27:18.809Z\"}]',NULL,NULL,'2025-04-11 12:57:18','2025-04-11 12:27:18','2025-04-11 12:58:17',NULL,NULL,'sb-xh6iz39050757@business.example.com'),(121,100,'USD','cw1','PayPal','{\"platform\": \"PayPal\", \"paypalEmail\": \"sb-xh6iz39050757@business.example.com\"}','0x8a620a56a249ae03b41012897b3b1c61367caf2c',2,'0xb5049c47ede1f3ff0575d396d57b4c6a1ecef556',3,'confirmed','[{\"note\": \"支付意图创建\", \"status\": \"created\", \"timestamp\": \"2025-04-11T12:27:26.003Z\"}, {\"note\": \"LP 0xb5049c47ede1f3ff0575d396d57b4c6a1ecef556 认领任务\", \"status\": \"claimed\", \"timestamp\": \"2025-04-11T12:28:01.763Z\"}, {\"note\": \"PayPal支付已捕获，订单ID: 1H8420221L7536642, 捕获ID: 86R93156PN268550S\", \"status\": \"paid\", \"timestamp\": \"2025-04-11T12:45:59.936Z\"}, {\"note\": \"通过区块链结算完成，交易哈希: 0xf005caf2f0906d6d3b0e8258e1a08c348991b8227e530c8213ee90ef256e264a\", \"status\": \"confirmed\", \"timestamp\": \"2025-04-11T12:46:50.348Z\"}]','{\"proof\": \"0xf005caf2f0906d6d3b0e8258e1a08c348991b8227e530c8213ee90ef256e264a\", \"method\": \"blockchain\"}',NULL,'2025-04-11 12:58:01','2025-04-11 12:27:26','2025-04-11 12:46:50',NULL,'{\"platform\": \"PayPal\", \"merchantEmail\": \"sb-xh6iz39050757@business.example.com\", \"processingStarted\": \"2025-04-11T12:45:23.596Z\", \"paypalOrderCapture\": {\"captureId\": \"86R93156PN268550S\", \"captureTime\": \"2025-04-11T12:45:59.936Z\", \"captureStatus\": \"COMPLETED\"}, \"merchantEmailSource\": \"request\"}','sb-xh6iz39050757@business.example.com'),(122,100,'USD','we','PayPal','{\"platform\": \"PayPal\", \"paypalEmail\": \"sb-xh6iz39050757@business.example.com\"}','0x8a620a56a249ae03b41012897b3b1c61367caf2c',2,'0xb5049c47ede1f3ff0575d396d57b4c6a1ecef556',3,'confirmed','[{\"note\": \"支付意图创建\", \"status\": \"created\", \"timestamp\": \"2025-04-11T12:27:32.506Z\"}, {\"note\": \"LP 0xb5049c47ede1f3ff0575d396d57b4c6a1ecef556 认领任务\", \"status\": \"claimed\", \"timestamp\": \"2025-04-11T12:27:59.567Z\"}, {\"note\": \"PayPal支付已捕获，订单ID: 8C0849440V1201804, 捕获ID: 5F991715T9937015F\", \"status\": \"paid\", \"timestamp\": \"2025-04-11T12:28:51.159Z\"}, {\"note\": \"用户 0x8a620a56a249ae03b41012897b3b1c61367caf2c 确认已收到付款\", \"status\": \"confirmed\", \"timestamp\": \"2025-04-11T12:30:05.388Z\"}, {\"note\": \"结算失败: 支付意图状态 confirmed 不可结算\", \"status\": \"settlement_failed\", \"timestamp\": \"2025-04-11T12:30:05.434Z\"}]','{}',NULL,'2025-04-11 12:57:59','2025-04-11 12:27:32','2025-04-11 12:30:05',NULL,'{\"platform\": \"PayPal\", \"merchantEmail\": \"sb-xh6iz39050757@business.example.com\", \"processingStarted\": \"2025-04-11T12:28:14.312Z\", \"paypalOrderCapture\": {\"captureId\": \"5F991715T9937015F\", \"captureTime\": \"2025-04-11T12:28:51.160Z\", \"captureStatus\": \"COMPLETED\"}, \"merchantEmailSource\": \"request\"}','sb-xh6iz39050757@business.example.com'),(123,100,'USD','测试1','PayPal','{\"platform\": \"PayPal\", \"paypalEmail\": \"sb-xh6iz39050757@business.example.com\"}','0xb5049c47ede1f3ff0575d396d57b4c6a1ecef556',3,NULL,NULL,'expired','[{\"note\": \"支付意图创建\", \"status\": \"created\", \"timestamp\": \"2025-04-12T01:49:16.221Z\"}]',NULL,NULL,'2025-04-12 02:19:16','2025-04-12 01:49:16','2025-04-12 02:33:43',NULL,NULL,'sb-xh6iz39050757@business.example.com'),(124,100,'USD','测试12','PayPal','{\"platform\": \"PayPal\", \"paypalEmail\": \"sb-xh6iz39050757@business.example.com\"}','0xb5049c47ede1f3ff0575d396d57b4c6a1ecef556',3,NULL,NULL,'expired','[{\"note\": \"支付意图创建\", \"status\": \"created\", \"timestamp\": \"2025-04-12T01:49:22.706Z\"}]',NULL,NULL,'2025-04-12 02:19:22','2025-04-12 01:49:22','2025-04-12 02:33:44',NULL,NULL,'sb-xh6iz39050757@business.example.com'),(125,100,'USD','通过UnitPay支付','PayPal','{\"platform\": \"PayPal\", \"paypalEmail\": \"sb-xh6iz39050757@business.example.com\"}','0xb5049c47ede1f3ff0575d396d57b4c6a1ecef556',3,'0xb5049c47ede1f3ff0575d396d57b4c6a1ecef556',3,'paid','[{\"note\": \"支付意图创建\", \"status\": \"created\", \"timestamp\": \"2025-04-12T02:45:48.922Z\"}, {\"note\": \"LP 0xb5049c47ede1f3ff0575d396d57b4c6a1ecef556 认领任务\", \"status\": \"claimed\", \"timestamp\": \"2025-04-12T02:45:56.831Z\"}, {\"note\": \"LP 0xb5049c47ede1f3ff0575d396d57b4c6a1ecef556 认领任务\", \"status\": \"claimed\", \"timestamp\": \"2025-04-12T02:53:13.854Z\"}, {\"note\": \"LP 0xb5049c47ede1f3ff0575d396d57b4c6a1ecef556 认领任务\", \"status\": \"claimed\", \"timestamp\": \"2025-04-12T02:57:14.360Z\"}, {\"note\": \"LP 0xb5049c47ede1f3ff0575d396d57b4c6a1ecef556 认领任务\", \"status\": \"claimed\", \"timestamp\": \"2025-04-12T03:00:48.828Z\"}, {\"note\": \"LP 0xb5049c47ede1f3ff0575d396d57b4c6a1ecef556 认领任务\", \"status\": \"claimed\", \"timestamp\": \"2025-04-12T03:12:05.432Z\"}, {\"note\": \"PayPal支付已捕获，订单ID: 0YB4585882571673D, 捕获ID: 7L197191VE895415J\", \"status\": \"paid\", \"timestamp\": \"2025-04-12T03:12:38.869Z\"}]','{\"status\": \"COMPLETED\", \"captureId\": \"7L197191VE895415J\", \"createTime\": \"2025-04-12T03:12:38Z\", \"paypalStatus\": \"COMPLETED\", \"merchantEmail\": \"sb-xh6iz39050757@business.example.com\", \"paypalOrderId\": \"0YB4585882571673D\", \"paypalCaptureId\": \"7L197191VE895415J\", \"transactionTime\": \"2025-04-12T03:12:38.871Z\"}',NULL,'2025-04-12 03:42:05','2025-04-12 02:45:48','2025-04-12 03:12:38',NULL,'{\"createdAt\": \"2025-04-12T03:12:16.198Z\", \"paypalOrderId\": \"0YB4585882571673D\", \"paypalOrderStatus\": \"CREATED\", \"paypalOrderCapture\": {\"captureId\": \"7L197191VE895415J\", \"captureTime\": \"2025-04-12T03:12:38.871Z\", \"captureStatus\": \"COMPLETED\"}, \"merchantEmailSource\": \"request\", \"merchantPaypalEmail\": \"sb-xh6iz39050757@business.example.com\"}','sb-xh6iz39050757@business.example.com'),(126,100,'USD','测试4','PayPal','{\"platform\": \"PayPal\", \"paypalEmail\": \"sb-xh6iz39050757@business.example.com\"}','0xb5049c47ede1f3ff0575d396d57b4c6a1ecef556',3,'0xb5049c47ede1f3ff0575d396d57b4c6a1ecef556',3,'expired','[{\"note\": \"支付意图创建\", \"status\": \"created\", \"timestamp\": \"2025-04-12T03:50:29.159Z\"}, {\"note\": \"LP 0xb5049c47ede1f3ff0575d396d57b4c6a1ecef556 认领任务\", \"status\": \"claimed\", \"timestamp\": \"2025-04-12T04:04:49.572Z\"}]',NULL,NULL,'2025-04-12 04:34:49','2025-04-12 03:50:29','2025-04-12 04:36:16',NULL,NULL,'sb-5y43434339921146@personal.example.com'),(127,100,'USD','测试6','PayPal','{\"platform\": \"PayPal\", \"paypalEmail\": \"sb-xh6iz39050757@business.example.com\"}','0xb5049c47ede1f3ff0575d396d57b4c6a1ecef556',3,'0xb5049c47ede1f3ff0575d396d57b4c6a1ecef556',3,'paid','[{\"note\": \"支付意图创建\", \"status\": \"created\", \"timestamp\": \"2025-04-12T03:50:35.568Z\"}, {\"note\": \"LP 0xb5049c47ede1f3ff0575d396d57b4c6a1ecef556 认领任务\", \"status\": \"claimed\", \"timestamp\": \"2025-04-12T03:51:01.767Z\"}, {\"note\": \"PayPal支付已捕获，订单ID: 04H40500CT9095104, 捕获ID: 6SH99947KX337761Y\", \"status\": \"paid\", \"timestamp\": \"2025-04-12T03:51:51.521Z\"}]','{\"status\": \"COMPLETED\", \"captureId\": \"6SH99947KX337761Y\", \"createTime\": \"2025-04-12T03:51:50Z\", \"paypalStatus\": \"COMPLETED\", \"merchantEmail\": \"sb-xh6iz39050757@business.example.com\", \"paypalOrderId\": \"04H40500CT9095104\", \"paypalCaptureId\": \"6SH99947KX337761Y\", \"transactionTime\": \"2025-04-12T03:51:51.521Z\"}',NULL,'2025-04-12 04:21:01','2025-04-12 03:50:35','2025-04-12 03:51:51',NULL,'{\"platform\": \"PayPal\", \"merchantEmail\": \"sb-xh6iz39050757@business.example.com\", \"processingStarted\": \"2025-04-12T03:51:10.374Z\", \"paypalOrderCapture\": {\"captureId\": \"6SH99947KX337761Y\", \"captureTime\": \"2025-04-12T03:51:51.521Z\", \"captureStatus\": \"COMPLETED\"}, \"merchantEmailSource\": \"request\"}','sb-xh6iz39050757@business.example.com'),(128,100,'USD','ceshi','PayPal','{\"platform\": \"PayPal\", \"paypalEmail\": \"sb-xh6iz39050757@business.example.com\"}','0x8a620a56a249ae03b41012897b3b1c61367caf2c',2,'0xb5049c47ede1f3ff0575d396d57b4c6a1ecef556',3,'confirmed','[{\"note\": \"支付意图创建\", \"status\": \"created\", \"timestamp\": \"2025-04-12T03:52:39.452Z\"}, {\"note\": \"LP 0xb5049c47ede1f3ff0575d396d57b4c6a1ecef556 认领任务\", \"status\": \"claimed\", \"timestamp\": \"2025-04-12T03:52:59.179Z\"}, {\"note\": \"PayPal支付已捕获，订单ID: 43238250M5485473V, 捕获ID: 6TP83148540840507\", \"status\": \"paid\", \"timestamp\": \"2025-04-12T03:53:21.693Z\"}, {\"note\": \"用户 0x8a620a56a249ae03b41012897b3b1c61367caf2c 确认已收到付款\", \"status\": \"confirmed\", \"timestamp\": \"2025-04-12T03:53:54.065Z\"}, {\"note\": \"结算失败: 支付意图状态 confirmed 不可结算\", \"status\": \"settlement_failed\", \"timestamp\": \"2025-04-12T03:53:54.090Z\"}]','{}',NULL,'2025-04-12 04:22:59','2025-04-12 03:52:39','2025-04-12 03:53:54',NULL,'{\"platform\": \"PayPal\", \"merchantEmail\": \"sb-xh6iz39050757@business.example.com\", \"processingStarted\": \"2025-04-12T03:53:06.298Z\", \"paypalOrderCapture\": {\"captureId\": \"6TP83148540840507\", \"captureTime\": \"2025-04-12T03:53:21.693Z\", \"captureStatus\": \"COMPLETED\"}, \"merchantEmailSource\": \"request\"}','sb-xh6iz39050757@business.example.com'),(129,100,'USD','测试v个','PayPal','{\"platform\": \"PayPal\", \"paypalEmail\": \"sb-xh6iz39050757@business.example.com\"}','0x8a620a56a249ae03b41012897b3b1c61367caf2c',2,'0xb5049c47ede1f3ff0575d396d57b4c6a1ecef556',3,'confirmed','[{\"note\": \"支付意图创建\", \"status\": \"created\", \"timestamp\": \"2025-04-12T03:58:14.869Z\"}, {\"note\": \"LP 0xb5049c47ede1f3ff0575d396d57b4c6a1ecef556 认领任务\", \"status\": \"claimed\", \"timestamp\": \"2025-04-12T04:04:39.735Z\"}, {\"note\": \"PayPal支付已捕获，订单ID: 1KM94872BT4118446, 捕获ID: 88M19573TS0464529\", \"status\": \"paid\", \"timestamp\": \"2025-04-12T04:05:07.784Z\"}, {\"note\": \"用户 0x8a620a56a249ae03b41012897b3b1c61367caf2c 确认已收到付款\", \"status\": \"confirmed\", \"timestamp\": \"2025-04-12T06:50:42.098Z\"}, {\"note\": \"结算失败: 支付意图状态 confirmed 不可结算\", \"status\": \"settlement_failed\", \"timestamp\": \"2025-04-12T06:50:42.753Z\"}]','{}',NULL,'2025-04-12 04:34:39','2025-04-12 03:58:14','2025-04-12 06:50:42',NULL,'{\"platform\": \"PayPal\", \"merchantEmail\": \"sb-xh6iz39050757@business.example.com\", \"processingStarted\": \"2025-04-12T04:04:56.517Z\", \"paypalOrderCapture\": {\"captureId\": \"88M19573TS0464529\", \"captureTime\": \"2025-04-12T04:05:07.784Z\", \"captureStatus\": \"COMPLETED\"}, \"merchantEmailSource\": \"request\"}','sb-xh6iz39050757@business.example.com'),(130,100,'USD','测光','PayPal','{\"platform\": \"PayPal\", \"paypalEmail\": \"sb-xh6iz39050757@business.example.com\"}','0x8a620a56a249ae03b41012897b3b1c61367caf2c',2,'0xb5049c47ede1f3ff0575d396d57b4c6a1ecef556',3,'confirmed','[{\"note\": \"支付意图创建\", \"status\": \"created\", \"timestamp\": \"2025-04-12T03:58:20.639Z\"}, {\"note\": \"LP 0xb5049c47ede1f3ff0575d396d57b4c6a1ecef556 认领任务\", \"status\": \"claimed\", \"timestamp\": \"2025-04-12T03:58:42.173Z\"}, {\"note\": \"PayPal支付已捕获，订单ID: 16E95875XV798490U, 捕获ID: 3EP2887661297310E\", \"status\": \"paid\", \"timestamp\": \"2025-04-12T03:59:14.078Z\"}, {\"note\": \"用户 0x8a620a56a249ae03b41012897b3b1c61367caf2c 确认已收到付款\", \"status\": \"confirmed\", \"timestamp\": \"2025-04-12T03:59:53.228Z\"}, {\"note\": \"结算失败: 支付意图状态 confirmed 不可结算\", \"status\": \"settlement_failed\", \"timestamp\": \"2025-04-12T03:59:53.272Z\"}]','{}',NULL,'2025-04-12 04:28:42','2025-04-12 03:58:20','2025-04-12 03:59:53',NULL,'{\"platform\": \"PayPal\", \"merchantEmail\": \"sb-xh6iz39050757@business.example.com\", \"processingStarted\": \"2025-04-12T03:59:00.221Z\", \"paypalOrderCapture\": {\"captureId\": \"3EP2887661297310E\", \"captureTime\": \"2025-04-12T03:59:14.078Z\", \"captureStatus\": \"COMPLETED\"}, \"merchantEmailSource\": \"request\"}','sb-xh6iz39050757@business.example.com'),(131,100,'USD','通过UnitPay支付','PayPal','{\"platform\": \"PayPal\", \"paypalEmail\": \"sb-xh6iz39050757@business.example.com\"}','0x8a620a56a249ae03b41012897b3b1c61367caf2c',2,'0xb5049c47ede1f3ff0575d396d57b4c6a1ecef556',3,'expired','[{\"note\": \"支付意图创建\", \"status\": \"created\", \"timestamp\": \"2025-04-12T04:05:52.165Z\"}, {\"note\": \"LP 0xb5049c47ede1f3ff0575d396d57b4c6a1ecef556 认领任务\", \"status\": \"claimed\", \"timestamp\": \"2025-04-12T04:06:30.841Z\"}]',NULL,NULL,'2025-04-12 04:36:30','2025-04-12 04:05:52','2025-04-12 04:42:14',NULL,NULL,'sb-5y43434339921146@personal.example.com'),(132,100,'USD','通过UnitPay支付','PayPal','{\"platform\": \"PayPal\", \"paypalEmail\": \"sb-xh6iz39050757@business.example.com\"}','0x8a620a56a249ae03b41012897b3b1c61367caf2c',2,'0xb5049c47ede1f3ff0575d396d57b4c6a1ecef556',3,'confirmed','[{\"note\": \"支付意图创建\", \"status\": \"created\", \"timestamp\": \"2025-04-12T04:05:57.881Z\"}, {\"note\": \"LP 0xb5049c47ede1f3ff0575d396d57b4c6a1ecef556 认领任务\", \"status\": \"claimed\", \"timestamp\": \"2025-04-12T04:06:28.673Z\"}, {\"note\": \"PayPal支付已捕获，订单ID: 1VA66029JU553594R, 捕获ID: 9BA58130RS2494229\", \"status\": \"paid\", \"timestamp\": \"2025-04-12T04:06:52.285Z\"}, {\"note\": \"用户 0x8a620a56a249ae03b41012897b3b1c61367caf2c 确认已收到付款\", \"status\": \"confirmed\", \"timestamp\": \"2025-04-12T04:07:25.962Z\"}, {\"note\": \"结算失败: 支付意图状态 confirmed 不可结算\", \"status\": \"settlement_failed\", \"timestamp\": \"2025-04-12T04:07:25.992Z\"}]','{}',NULL,'2025-04-12 04:36:28','2025-04-12 04:05:57','2025-04-12 04:07:25',NULL,'{\"platform\": \"PayPal\", \"merchantEmail\": \"sb-xh6iz39050757@business.example.com\", \"processingStarted\": \"2025-04-12T04:06:38.235Z\", \"paypalOrderCapture\": {\"captureId\": \"9BA58130RS2494229\", \"captureTime\": \"2025-04-12T04:06:52.285Z\", \"captureStatus\": \"COMPLETED\"}, \"merchantEmailSource\": \"request\"}','sb-xh6iz39050757@business.example.com'),(133,100,'USD','测试股','PayPal','{\"platform\": \"PayPal\", \"paypalEmail\": \"sb-xh6iz39050757@business.example.com\"}','0x8a620a56a249ae03b41012897b3b1c61367caf2c',2,'0xb5049c47ede1f3ff0575d396d57b4c6a1ecef556',3,'expired','[{\"note\": \"支付意图创建\", \"status\": \"created\", \"timestamp\": \"2025-04-12T04:24:59.311Z\"}, {\"note\": \"LP 0xb5049c47ede1f3ff0575d396d57b4c6a1ecef556 认领任务\", \"status\": \"claimed\", \"timestamp\": \"2025-04-12T04:53:44.890Z\"}]',NULL,NULL,'2025-04-12 05:23:44','2025-04-12 04:24:59','2025-04-12 05:27:39',NULL,NULL,'sb-5y43434339921146@personal.example.com'),(134,100,'USD','通过UnitPay支付','PayPal','{\"platform\": \"PayPal\", \"paypalEmail\": \"sb-xh6iz39050757@business.example.com\"}','0x8a620a56a249ae03b41012897b3b1c61367caf2c',2,'0xb5049c47ede1f3ff0575d396d57b4c6a1ecef556',3,'confirmed','[{\"note\": \"支付意图创建\", \"status\": \"created\", \"timestamp\": \"2025-04-12T04:50:35.686Z\"}, {\"note\": \"LP 0xb5049c47ede1f3ff0575d396d57b4c6a1ecef556 认领任务\", \"status\": \"claimed\", \"timestamp\": \"2025-04-12T04:53:30.854Z\"}, {\"note\": \"PayPal支付已捕获，订单ID: 0UG63927T0482282M, 捕获ID: 3LR226811L843435P\", \"status\": \"paid\", \"timestamp\": \"2025-04-12T04:56:55.487Z\"}, {\"note\": \"用户 0x8a620a56a249ae03b41012897b3b1c61367caf2c 确认已收到付款\", \"status\": \"confirmed\", \"timestamp\": \"2025-04-12T04:57:34.619Z\"}, {\"note\": \"结算失败: 支付意图状态 confirmed 不可结算\", \"status\": \"settlement_failed\", \"timestamp\": \"2025-04-12T04:57:34.674Z\"}]','{}',NULL,'2025-04-12 05:23:30','2025-04-12 04:50:35','2025-04-12 04:57:34',NULL,'{\"platform\": \"PayPal\", \"merchantEmail\": \"sb-xh6iz39050757@business.example.com\", \"processingStarted\": \"2025-04-12T04:56:05.909Z\", \"paypalOrderCapture\": {\"captureId\": \"3LR226811L843435P\", \"captureTime\": \"2025-04-12T04:56:55.487Z\", \"captureStatus\": \"COMPLETED\"}, \"merchantEmailSource\": \"request\"}','sb-xh6iz39050757@business.example.com'),(135,100,'USD','通过UnitPay支付','PayPal','{\"platform\": \"PayPal\", \"paypalEmail\": \"sb-xh6iz39050757@business.example.com\"}','0x8a620a56a249ae03b41012897b3b1c61367caf2c',2,NULL,NULL,'expired','[{\"note\": \"支付意图创建\", \"status\": \"created\", \"timestamp\": \"2025-04-12T07:14:58.394Z\"}]',NULL,NULL,'2025-04-12 07:44:58','2025-04-12 07:14:58','2025-04-12 07:47:25',NULL,NULL,'sb-xh6iz39050757@business.example.com'),(136,100,'USD','通过UnitPay支付','PayPal','{\"platform\": \"PayPal\", \"paypalEmail\": \"sb-xh6iz39050757@business.example.com\"}','0x8a620a56a249ae03b41012897b3b1c61367caf2c',2,'0xb5049c47ede1f3ff0575d396d57b4c6a1ecef556',3,'confirmed','[{\"note\": \"支付意图创建\", \"status\": \"created\", \"timestamp\": \"2025-04-12T07:15:04.623Z\"}, {\"note\": \"LP 0xb5049c47ede1f3ff0575d396d57b4c6a1ecef556 认领任务\", \"status\": \"claimed\", \"timestamp\": \"2025-04-12T07:19:15.270Z\"}, {\"note\": \"PayPal支付已捕获，订单ID: 3TW04621E8874093T, 捕获ID: 427659593K0653235\", \"status\": \"paid\", \"timestamp\": \"2025-04-12T07:34:25.399Z\"}]','{\"status\": \"COMPLETED\", \"captureId\": \"427659593K0653235\", \"createTime\": \"2025-04-12T07:34:25Z\", \"paypalStatus\": \"COMPLETED\", \"merchantEmail\": \"sb-xh6iz39050757@business.example.com\", \"paypalOrderId\": \"3TW04621E8874093T\", \"paypalCaptureId\": \"427659593K0653235\", \"transactionTime\": \"2025-04-12T07:34:25.399Z\"}','0x4058ca333a0454038dbef6db96db3ad88308afb0c6a3a16ac72020222efb4e94','2025-04-12 07:49:15','2025-04-12 07:15:04','2025-04-12 07:50:33',NULL,'{\"platform\": \"PayPal\", \"merchantEmail\": \"sb-xh6iz39050757@business.example.com\", \"processingStarted\": \"2025-04-12T07:34:04.738Z\", \"paypalOrderCapture\": {\"captureId\": \"427659593K0653235\", \"captureTime\": \"2025-04-12T07:34:25.399Z\", \"captureStatus\": \"COMPLETED\"}, \"merchantEmailSource\": \"request\"}','sb-xh6iz39050757@business.example.com'),(137,100,'USD','通过UnitPay支付','PayPal','{\"platform\": \"PayPal\", \"paypalEmail\": \"sb-xh6iz39050757@business.example.com\"}','0x8a620a56a249ae03b41012897b3b1c61367caf2c',2,'0xb5049c47ede1f3ff0575d396d57b4c6a1ecef556',3,'confirmed','[{\"note\": \"支付意图创建\", \"status\": \"created\", \"timestamp\": \"2025-04-12T07:15:12.762Z\"}, {\"note\": \"LP 0xb5049c47ede1f3ff0575d396d57b4c6a1ecef556 认领任务\", \"status\": \"claimed\", \"timestamp\": \"2025-04-12T07:19:13.317Z\"}, {\"note\": \"PayPal支付已捕获，订单ID: 6EP878337A028143W, 捕获ID: 3T398530L5189962T\", \"status\": \"paid\", \"timestamp\": \"2025-04-12T07:21:29.861Z\"}, {\"note\": \"用户 0x8a620a56a249ae03b41012897b3b1c61367caf2c 确认已收到付款\", \"status\": \"confirmed\", \"txHash\": null, \"timestamp\": \"2025-04-12T07:30:19.264Z\"}, {\"note\": \"结算失败: 支付意图状态 confirmed 不可结算\", \"status\": \"settlement_failed\", \"timestamp\": \"2025-04-12T07:30:20.830Z\"}]','{}',NULL,'2025-04-12 07:49:13','2025-04-12 07:15:12','2025-04-12 07:30:20',NULL,'{\"platform\": \"PayPal\", \"merchantEmail\": \"sb-xh6iz39050757@business.example.com\", \"processingStarted\": \"2025-04-12T07:20:35.940Z\", \"paypalOrderCapture\": {\"captureId\": \"3T398530L5189962T\", \"captureTime\": \"2025-04-12T07:21:29.862Z\", \"captureStatus\": \"COMPLETED\"}, \"merchantEmailSource\": \"request\"}','sb-xh6iz39050757@business.example.com'),(138,10,'USD','测试','PayPal','{\"platform\": \"PayPal\", \"paypalEmail\": \"sb-xh6iz39050757@business.example.com\"}','0x8a620a56a249ae03b41012897b3b1c61367caf2c',2,NULL,NULL,'expired','[{\"note\": \"支付意图创建\", \"status\": \"created\", \"timestamp\": \"2025-04-12T08:06:02.260Z\"}]',NULL,NULL,'2025-04-12 08:36:02','2025-04-12 08:06:02','2025-04-12 08:38:13',NULL,NULL,'sb-xh6iz39050757@business.example.com'),(139,10,'USD','通过UnitPay支付','PayPal','{\"platform\": \"PayPal\", \"paypalEmail\": \"sb-tawou39050381@business.example.com\"}','0x8a620a56a249ae03b41012897b3b1c61367caf2c',2,'0xb5049c47ede1f3ff0575d396d57b4c6a1ecef556',3,'expired','[{\"note\": \"支付意图创建\", \"status\": \"created\", \"timestamp\": \"2025-04-12T08:07:10.957Z\"}, {\"note\": \"LP 0xb5049c47ede1f3ff0575d396d57b4c6a1ecef556 认领任务\", \"status\": \"claimed\", \"timestamp\": \"2025-04-12T08:08:03.311Z\"}]',NULL,NULL,'2025-04-12 08:38:03','2025-04-12 08:07:10','2025-04-12 08:38:13',NULL,NULL,'sb-5y43434339921146@personal.example.com'),(140,10,'USD','通过UnitPay支付','PayPal','{\"platform\": \"PayPal\", \"paypalEmail\": \"sb-tawou39050381@business.example.com\"}','0x8a620a56a249ae03b41012897b3b1c61367caf2c',2,'0xb5049c47ede1f3ff0575d396d57b4c6a1ecef556',3,'expired','[{\"note\": \"支付意图创建\", \"status\": \"created\", \"timestamp\": \"2025-04-12T08:07:16.704Z\"}, {\"note\": \"LP 0xb5049c47ede1f3ff0575d396d57b4c6a1ecef556 认领任务\", \"status\": \"claimed\", \"timestamp\": \"2025-04-12T08:08:01.471Z\"}]',NULL,NULL,'2025-04-12 08:38:01','2025-04-12 08:07:16','2025-04-12 08:38:13',NULL,NULL,'sb-5y43434339921146@personal.example.com'),(141,10,'USD','通过UnitPay支付','PayPal','{\"platform\": \"PayPal\", \"paypalEmail\": \"sb-tawou39050381@business.example.com\"}','0x8a620a56a249ae03b41012897b3b1c61367caf2c',2,'0xb5049c47ede1f3ff0575d396d57b4c6a1ecef556',3,'confirmed','[{\"note\": \"支付意图创建\", \"status\": \"created\", \"timestamp\": \"2025-04-12T08:07:21.837Z\"}, {\"note\": \"LP 0xb5049c47ede1f3ff0575d396d57b4c6a1ecef556 认领任务\", \"status\": \"claimed\", \"timestamp\": \"2025-04-12T08:07:58.878Z\"}, {\"note\": \"PayPal支付已捕获，订单ID: 25T861750G025641U, 捕获ID: 9JJ139252R805784A\", \"status\": \"paid\", \"timestamp\": \"2025-04-12T08:08:45.360Z\"}]','{\"status\": \"COMPLETED\", \"captureId\": \"9JJ139252R805784A\", \"createTime\": \"2025-04-12T08:08:45Z\", \"paypalStatus\": \"COMPLETED\", \"merchantEmail\": \"sb-tawou39050381@business.example.com\", \"paypalOrderId\": \"25T861750G025641U\", \"paypalCaptureId\": \"9JJ139252R805784A\", \"transactionTime\": \"2025-04-12T08:08:45.360Z\"}','0xd299befefe559a5c00b81f59cc030c7edb5cf7a8d4b5d35df270b78d050d6411','2025-04-12 08:37:58','2025-04-12 08:07:21','2025-04-12 08:09:36',NULL,'{\"platform\": \"PayPal\", \"merchantEmail\": \"sb-tawou39050381@business.example.com\", \"processingStarted\": \"2025-04-12T08:08:15.984Z\", \"paypalOrderCapture\": {\"captureId\": \"9JJ139252R805784A\", \"captureTime\": \"2025-04-12T08:08:45.360Z\", \"captureStatus\": \"COMPLETED\"}, \"merchantEmailSource\": \"request\"}','sb-tawou39050381@business.example.com'),(142,10,'USD','通过UnitPay支付','PayPal','{\"platform\": \"PayPal\", \"paypalEmail\": \"sb-tawou39050381@business.example.com\"}','0x8a620a56a249ae03b41012897b3b1c61367caf2c',2,'0xb5049c47ede1f3ff0575d396d57b4c6a1ecef556',3,'confirmed','[{\"note\": \"支付意图创建\", \"status\": \"created\", \"timestamp\": \"2025-04-12T10:57:28.261Z\"}, {\"note\": \"LP 0xb5049c47ede1f3ff0575d396d57b4c6a1ecef556 认领任务\", \"status\": \"claimed\", \"timestamp\": \"2025-04-12T11:10:21.153Z\"}, {\"note\": \"PayPal支付已捕获，订单ID: 5BG24946EN094880G, 捕获ID: 0YT92544G1980381F\", \"status\": \"paid\", \"timestamp\": \"2025-04-12T11:10:47.370Z\"}]','{\"status\": \"COMPLETED\", \"captureId\": \"0YT92544G1980381F\", \"createTime\": \"2025-04-12T11:10:47Z\", \"paypalStatus\": \"COMPLETED\", \"merchantEmail\": \"sb-tawou39050381@business.example.com\", \"paypalOrderId\": \"5BG24946EN094880G\", \"paypalCaptureId\": \"0YT92544G1980381F\", \"transactionTime\": \"2025-04-12T11:10:47.370Z\"}','0x01a6b414825a48128a331eba372d98a99dd108e14820b1424850488d44b79b01','2025-04-12 11:40:21','2025-04-12 10:57:28','2025-04-12 11:11:30',NULL,'{\"platform\": \"PayPal\", \"merchantEmail\": \"sb-tawou39050381@business.example.com\", \"processingStarted\": \"2025-04-12T11:10:31.341Z\", \"paypalOrderCapture\": {\"captureId\": \"0YT92544G1980381F\", \"captureTime\": \"2025-04-12T11:10:47.370Z\", \"captureStatus\": \"COMPLETED\"}, \"merchantEmailSource\": \"request\"}','sb-tawou39050381@business.example.com'),(143,10,'USD','通过UnitPay支付','PayPal','{\"platform\": \"PayPal\", \"paypalEmail\": \"sb-tawou39050381@business.example.com\"}','0x8a620a56a249ae03b41012897b3b1c61367caf2c',2,'0xb5049c47ede1f3ff0575d396d57b4c6a1ecef556',3,'confirmed','[{\"note\": \"支付意图创建\", \"status\": \"created\", \"timestamp\": \"2025-04-12T10:57:37.256Z\"}, {\"note\": \"LP 0xb5049c47ede1f3ff0575d396d57b4c6a1ecef556 认领任务\", \"status\": \"claimed\", \"timestamp\": \"2025-04-12T10:58:40.352Z\"}, {\"note\": \"PayPal支付已捕获，订单ID: 08F53357NX594463X, 捕获ID: 44H17544J87541235\", \"status\": \"paid\", \"timestamp\": \"2025-04-12T11:05:40.092Z\"}]','{\"status\": \"COMPLETED\", \"captureId\": \"44H17544J87541235\", \"createTime\": \"2025-04-12T11:05:40Z\", \"paypalStatus\": \"COMPLETED\", \"merchantEmail\": \"sb-tawou39050381@business.example.com\", \"paypalOrderId\": \"08F53357NX594463X\", \"paypalCaptureId\": \"44H17544J87541235\", \"transactionTime\": \"2025-04-12T11:05:40.092Z\"}','0x7ac3232ac8df88d8c2d072e3d0a811f099de230c327bbff95c8bedc7fc52ad68','2025-04-12 11:28:40','2025-04-12 10:57:37','2025-04-12 11:06:32',NULL,'{\"platform\": \"PayPal\", \"merchantEmail\": \"sb-tawou39050381@business.example.com\", \"processingStarted\": \"2025-04-12T11:05:25.386Z\", \"paypalOrderCapture\": {\"captureId\": \"44H17544J87541235\", \"captureTime\": \"2025-04-12T11:05:40.092Z\", \"captureStatus\": \"COMPLETED\"}, \"merchantEmailSource\": \"request\"}','sb-tawou39050381@business.example.com'),(144,10,'USD','通过UnitPay支付','PayPal','{\"platform\": \"PayPal\", \"paypalEmail\": \"sb-tawou39050381@business.example.com\"}','0x8a620a56a249ae03b41012897b3b1c61367caf2c',2,'0xb5049c47ede1f3ff0575d396d57b4c6a1ecef556',3,'confirmed','[{\"note\": \"支付意图创建\", \"status\": \"created\", \"timestamp\": \"2025-04-12T10:57:41.999Z\"}, {\"note\": \"LP 0xb5049c47ede1f3ff0575d396d57b4c6a1ecef556 认领任务\", \"status\": \"claimed\", \"timestamp\": \"2025-04-12T10:58:17.816Z\"}, {\"note\": \"PayPal支付已捕获，订单ID: 6XM492588P885854U, 捕获ID: 78K22581YD308450U\", \"status\": \"paid\", \"timestamp\": \"2025-04-12T10:59:43.704Z\"}]','{\"status\": \"COMPLETED\", \"captureId\": \"78K22581YD308450U\", \"createTime\": \"2025-04-12T10:59:43Z\", \"paypalStatus\": \"COMPLETED\", \"merchantEmail\": \"sb-tawou39050381@business.example.com\", \"paypalOrderId\": \"6XM492588P885854U\", \"paypalCaptureId\": \"78K22581YD308450U\", \"transactionTime\": \"2025-04-12T10:59:43.706Z\"}','0x49f16371a5c705b4bb09efed0229998442f73b68c728d6efac73ba18697db597','2025-04-12 11:28:17','2025-04-12 10:57:41','2025-04-12 11:01:08',NULL,'{\"platform\": \"PayPal\", \"merchantEmail\": \"sb-tawou39050381@business.example.com\", \"processingStarted\": \"2025-04-12T10:58:56.180Z\", \"paypalOrderCapture\": {\"captureId\": \"78K22581YD308450U\", \"captureTime\": \"2025-04-12T10:59:43.707Z\", \"captureStatus\": \"COMPLETED\"}, \"merchantEmailSource\": \"request\"}','sb-tawou39050381@business.example.com'),(145,10,'USD','通过UnitPay支付','PayPal','{\"platform\": \"PayPal\", \"paypalEmail\": \"sb-tawou39050381@business.example.com\"}','0x8a620a56a249ae03b41012897b3b1c61367caf2c',2,'0xb5049c47ede1f3ff0575d396d57b4c6a1ecef556',3,'confirmed','[{\"note\": \"支付意图创建\", \"status\": \"created\", \"timestamp\": \"2025-04-12T11:21:01.332Z\"}, {\"note\": \"LP 0xb5049c47ede1f3ff0575d396d57b4c6a1ecef556 认领任务\", \"status\": \"claimed\", \"timestamp\": \"2025-04-12T11:42:57.070Z\"}, {\"note\": \"PayPal支付已捕获，订单ID: 05W073395J838882M, 捕获ID: 4YJ7287053883923C\", \"status\": \"paid\", \"timestamp\": \"2025-04-12T11:43:20.935Z\"}]','{\"status\": \"COMPLETED\", \"captureId\": \"4YJ7287053883923C\", \"createTime\": \"2025-04-12T11:43:21Z\", \"paypalStatus\": \"COMPLETED\", \"merchantEmail\": \"sb-tawou39050381@business.example.com\", \"paypalOrderId\": \"05W073395J838882M\", \"paypalCaptureId\": \"4YJ7287053883923C\", \"transactionTime\": \"2025-04-12T11:43:20.935Z\"}','0x910cc5e5bb88f03d312237df7c9f1b3fea74bc048670db8c1cf5a05472991d85','2025-04-12 12:12:57','2025-04-12 11:21:01','2025-04-12 11:44:16',NULL,'{\"platform\": \"PayPal\", \"merchantEmail\": \"sb-tawou39050381@business.example.com\", \"processingStarted\": \"2025-04-12T11:43:04.784Z\", \"paypalOrderCapture\": {\"captureId\": \"4YJ7287053883923C\", \"captureTime\": \"2025-04-12T11:43:20.935Z\", \"captureStatus\": \"COMPLETED\"}, \"merchantEmailSource\": \"request\"}','sb-tawou39050381@business.example.com'),(146,10,'USD','通过UnitPay支付','PayPal','{\"platform\": \"PayPal\", \"paypalEmail\": \"sb-tawou39050381@business.example.com\"}','0x8a620a56a249ae03b41012897b3b1c61367caf2c',2,'0xb5049c47ede1f3ff0575d396d57b4c6a1ecef556',3,'confirmed','[{\"note\": \"支付意图创建\", \"status\": \"created\", \"timestamp\": \"2025-04-12T11:21:07.053Z\"}, {\"note\": \"LP 0xb5049c47ede1f3ff0575d396d57b4c6a1ecef556 认领任务\", \"status\": \"claimed\", \"timestamp\": \"2025-04-12T11:28:53.603Z\"}, {\"note\": \"PayPal支付已捕获，订单ID: 81C88181PG113180J, 捕获ID: 2YE38417PL541344R\", \"status\": \"paid\", \"timestamp\": \"2025-04-12T11:29:16.098Z\"}]','{\"status\": \"COMPLETED\", \"captureId\": \"2YE38417PL541344R\", \"createTime\": \"2025-04-12T11:29:16Z\", \"paypalStatus\": \"COMPLETED\", \"merchantEmail\": \"sb-tawou39050381@business.example.com\", \"paypalOrderId\": \"81C88181PG113180J\", \"paypalCaptureId\": \"2YE38417PL541344R\", \"transactionTime\": \"2025-04-12T11:29:16.098Z\"}','0xb6f7e6d263e60fae5f528d86ce5f244871629bc619de2f6b52ac0a8085710336','2025-04-12 11:58:53','2025-04-12 11:21:07','2025-04-12 11:29:51',NULL,'{\"platform\": \"PayPal\", \"merchantEmail\": \"sb-tawou39050381@business.example.com\", \"processingStarted\": \"2025-04-12T11:29:01.666Z\", \"paypalOrderCapture\": {\"captureId\": \"2YE38417PL541344R\", \"captureTime\": \"2025-04-12T11:29:16.098Z\", \"captureStatus\": \"COMPLETED\"}, \"merchantEmailSource\": \"request\"}','sb-tawou39050381@business.example.com'),(147,10,'USD','通过UnitPay支付','PayPal','{\"platform\": \"PayPal\", \"paypalEmail\": \"sb-tawou39050381@business.example.com\"}','0x8a620a56a249ae03b41012897b3b1c61367caf2c',2,'0xb5049c47ede1f3ff0575d396d57b4c6a1ecef556',3,'confirmed','[{\"note\": \"支付意图创建\", \"status\": \"created\", \"timestamp\": \"2025-04-12T11:21:16.088Z\"}, {\"note\": \"LP 0xb5049c47ede1f3ff0575d396d57b4c6a1ecef556 认领任务\", \"status\": \"claimed\", \"timestamp\": \"2025-04-12T11:22:46.264Z\"}, {\"note\": \"PayPal支付已捕获，订单ID: 5KB931341A9927359, 捕获ID: 98C36594L90712010\", \"status\": \"paid\", \"timestamp\": \"2025-04-12T11:23:09.057Z\"}]','{\"status\": \"COMPLETED\", \"captureId\": \"98C36594L90712010\", \"createTime\": \"2025-04-12T11:23:09Z\", \"paypalStatus\": \"COMPLETED\", \"merchantEmail\": \"sb-tawou39050381@business.example.com\", \"paypalOrderId\": \"5KB931341A9927359\", \"paypalCaptureId\": \"98C36594L90712010\", \"transactionTime\": \"2025-04-12T11:23:09.057Z\"}','0x86715eee6174f0181212b63e8e58a5671b98561b704cbe0811d7f0a07585c59e','2025-04-12 11:52:46','2025-04-12 11:21:16','2025-04-12 11:24:02',NULL,'{\"platform\": \"PayPal\", \"merchantEmail\": \"sb-tawou39050381@business.example.com\", \"processingStarted\": \"2025-04-12T11:22:55.404Z\", \"paypalOrderCapture\": {\"captureId\": \"98C36594L90712010\", \"captureTime\": \"2025-04-12T11:23:09.057Z\", \"captureStatus\": \"COMPLETED\"}, \"merchantEmailSource\": \"request\"}','sb-tawou39050381@business.example.com'),(148,10,'USD','通过UnitPay支付','PayPal','{\"platform\": \"PayPal\", \"paypalEmail\": \"sb-tawou39050381@business.example.com\"}','0x8a620a56a249ae03b41012897b3b1c61367caf2c',2,NULL,NULL,'expired','[{\"note\": \"支付意图创建\", \"status\": \"created\", \"timestamp\": \"2025-04-12T12:08:54.930Z\"}]',NULL,NULL,'2025-04-12 12:38:54','2025-04-12 12:08:54','2025-04-12 13:32:05',NULL,NULL,'sb-tawou39050381@business.example.com'),(149,10,'USD','通过UnitPay支付','PayPal','{\"platform\": \"PayPal\", \"paypalEmail\": \"sb-tawou39050381@business.example.com\"}','0x8a620a56a249ae03b41012897b3b1c61367caf2c',2,NULL,NULL,'expired','[{\"note\": \"支付意图创建\", \"status\": \"created\", \"timestamp\": \"2025-04-12T12:08:59.906Z\"}]',NULL,NULL,'2025-04-12 12:38:59','2025-04-12 12:08:59','2025-04-12 13:32:05',NULL,NULL,'sb-tawou39050381@business.example.com'),(150,10,'USD','通过UnitPay支付','PayPal','{\"platform\": \"PayPal\", \"paypalEmail\": \"sb-tawou39050381@business.example.com\"}','0x8a620a56a249ae03b41012897b3b1c61367caf2c',2,'0xb5049c47ede1f3ff0575d396d57b4c6a1ecef556',3,'confirmed','[{\"note\": \"支付意图创建\", \"status\": \"created\", \"timestamp\": \"2025-04-12T12:09:05.904Z\"}, {\"note\": \"LP 0xb5049c47ede1f3ff0575d396d57b4c6a1ecef556 认领任务\", \"status\": \"claimed\", \"timestamp\": \"2025-04-12T12:09:43.846Z\"}, {\"note\": \"PayPal支付已捕获，订单ID: 843264645G006440S, 捕获ID: 5X789864G0843640D\", \"status\": \"paid\", \"timestamp\": \"2025-04-12T12:22:22.598Z\"}]','{\"status\": \"COMPLETED\", \"captureId\": \"5X789864G0843640D\", \"createTime\": \"2025-04-12T12:22:21Z\", \"paypalStatus\": \"COMPLETED\", \"merchantEmail\": \"sb-tawou39050381@business.example.com\", \"paypalOrderId\": \"843264645G006440S\", \"paypalCaptureId\": \"5X789864G0843640D\", \"transactionTime\": \"2025-04-12T12:22:22.598Z\"}','0xe725eb8543ae62d6e7a83bd07403049af9f08ecae3f414c9addf09da616c5175','2025-04-12 12:39:43','2025-04-12 12:09:05','2025-04-12 12:24:39',NULL,'{\"platform\": \"PayPal\", \"merchantEmail\": \"sb-tawou39050381@business.example.com\", \"processingStarted\": \"2025-04-12T12:22:09.620Z\", \"paypalOrderCapture\": {\"captureId\": \"5X789864G0843640D\", \"captureTime\": \"2025-04-12T12:22:22.598Z\", \"captureStatus\": \"COMPLETED\"}, \"merchantEmailSource\": \"request\"}','sb-tawou39050381@business.example.com'),(151,10,'USD','通过UnitPay支付','PayPal','{\"platform\": \"PayPal\", \"paypalEmail\": \"sb-tawou39050381@business.example.com\"}','0x8a620a56a249ae03b41012897b3b1c61367caf2c',2,'0xb5049c47ede1f3ff0575d396d57b4c6a1ecef556',3,'confirmed','[{\"note\": \"支付意图创建\", \"status\": \"created\", \"timestamp\": \"2025-04-12T12:09:12.730Z\"}, {\"note\": \"LP 0xb5049c47ede1f3ff0575d396d57b4c6a1ecef556 认领任务\", \"status\": \"claimed\", \"timestamp\": \"2025-04-12T12:09:41.567Z\"}, {\"note\": \"PayPal支付已捕获，订单ID: 1J433133PT648511T, 捕获ID: 6T6844997H069173P\", \"status\": \"paid\", \"timestamp\": \"2025-04-12T12:10:31.238Z\"}]','{\"status\": \"COMPLETED\", \"captureId\": \"6T6844997H069173P\", \"createTime\": \"2025-04-12T12:10:30Z\", \"paypalStatus\": \"COMPLETED\", \"merchantEmail\": \"sb-tawou39050381@business.example.com\", \"paypalOrderId\": \"1J433133PT648511T\", \"paypalCaptureId\": \"6T6844997H069173P\", \"transactionTime\": \"2025-04-12T12:10:31.238Z\"}','0xa6a2d803d20a21f22f5c82d341337024f83ef73a66b3426c2d3d90d8a358f6b9','2025-04-12 12:39:41','2025-04-12 12:09:12','2025-04-12 12:11:13',NULL,'{\"platform\": \"PayPal\", \"merchantEmail\": \"sb-tawou39050381@business.example.com\", \"processingStarted\": \"2025-04-12T12:09:55.388Z\", \"paypalOrderCapture\": {\"captureId\": \"6T6844997H069173P\", \"captureTime\": \"2025-04-12T12:10:31.239Z\", \"captureStatus\": \"COMPLETED\"}, \"merchantEmailSource\": \"request\"}','sb-tawou39050381@business.example.com'),(152,10,'USD','通过UnitPay支付','PayPal','{\"platform\": \"PayPal\", \"paypalEmail\": \"sb-tawou39050381@business.example.com\"}','0xb5049c47ede1f3ff0575d396d57b4c6a1ecef556',3,NULL,NULL,'expired','[{\"note\": \"支付意图创建\", \"status\": \"created\", \"timestamp\": \"2025-04-12T13:46:36.916Z\"}]',NULL,NULL,'2025-04-12 14:16:36','2025-04-12 13:46:36','2025-04-12 14:16:53',NULL,NULL,'sb-tawou39050381@business.example.com'),(153,10,'USD','通过UnitPay支付','PayPal','{\"platform\": \"PayPal\", \"paypalEmail\": \"sb-tawou39050381@business.example.com\"}','0xb5049c47ede1f3ff0575d396d57b4c6a1ecef556',3,'0xb5049c47ede1f3ff0575d396d57b4c6a1ecef556',3,'paid','[{\"note\": \"支付意图创建\", \"status\": \"created\", \"timestamp\": \"2025-04-12T13:46:42.105Z\"}, {\"note\": \"LP 0xb5049c47ede1f3ff0575d396d57b4c6a1ecef556 认领任务\", \"status\": \"claimed\", \"timestamp\": \"2025-04-12T13:47:35.532Z\"}, {\"note\": \"PayPal支付已捕获，订单ID: 36K66727FH692190G, 捕获ID: 611527987L778733M\", \"status\": \"paid\", \"timestamp\": \"2025-04-12T13:48:43.004Z\"}]','{\"status\": \"COMPLETED\", \"captureId\": \"611527987L778733M\", \"createTime\": \"2025-04-12T13:48:41Z\", \"paypalStatus\": \"COMPLETED\", \"merchantEmail\": \"sb-tawou39050381@business.example.com\", \"paypalOrderId\": \"36K66727FH692190G\", \"paypalCaptureId\": \"611527987L778733M\", \"transactionTime\": \"2025-04-12T13:48:43.005Z\"}',NULL,'2025-04-12 14:17:35','2025-04-12 13:46:42','2025-04-12 13:48:43',NULL,'{\"platform\": \"PayPal\", \"merchantEmail\": \"sb-tawou39050381@business.example.com\", \"processingStarted\": \"2025-04-12T13:47:49.279Z\", \"paypalOrderCapture\": {\"captureId\": \"611527987L778733M\", \"captureTime\": \"2025-04-12T13:48:43.005Z\", \"captureStatus\": \"COMPLETED\"}, \"merchantEmailSource\": \"request\"}','sb-tawou39050381@business.example.com'),(154,10,'USD','通过UnitPay支付','PayPal','{\"platform\": \"PayPal\", \"paypalEmail\": \"sb-tawou39050381@business.example.com\"}','0x8a620a56a249ae03b41012897b3b1c61367caf2c',2,'0xb5049c47ede1f3ff0575d396d57b4c6a1ecef556',3,'confirmed','[{\"note\": \"支付意图创建\", \"status\": \"created\", \"timestamp\": \"2025-04-12T13:49:55.102Z\"}, {\"note\": \"LP 0xb5049c47ede1f3ff0575d396d57b4c6a1ecef556 认领任务\", \"status\": \"claimed\", \"timestamp\": \"2025-04-12T14:09:12.344Z\"}, {\"note\": \"PayPal支付已捕获，订单ID: 5JW48397T22683615, 捕获ID: 1BW66740SS9081330\", \"status\": \"paid\", \"timestamp\": \"2025-04-12T14:10:17.107Z\"}]','{\"status\": \"COMPLETED\", \"captureId\": \"1BW66740SS9081330\", \"createTime\": \"2025-04-12T14:10:15Z\", \"paypalStatus\": \"COMPLETED\", \"merchantEmail\": \"sb-tawou39050381@business.example.com\", \"paypalOrderId\": \"5JW48397T22683615\", \"paypalCaptureId\": \"1BW66740SS9081330\", \"transactionTime\": \"2025-04-12T14:10:17.107Z\"}','0x590dd11ca604e3cb3961c5ed2dae4cb76150761575780bb39efe77d3995ab626','2025-04-12 14:39:12','2025-04-12 13:49:55','2025-04-12 14:10:53',NULL,'{\"platform\": \"PayPal\", \"merchantEmail\": \"sb-tawou39050381@business.example.com\", \"processingStarted\": \"2025-04-12T14:09:24.697Z\", \"paypalOrderCapture\": {\"captureId\": \"1BW66740SS9081330\", \"captureTime\": \"2025-04-12T14:10:17.108Z\", \"captureStatus\": \"COMPLETED\"}, \"merchantEmailSource\": \"request\"}','sb-tawou39050381@business.example.com'),(155,10,'USD','通过UnitPay支付','PayPal','{\"platform\": \"PayPal\", \"paypalEmail\": \"sb-tawou39050381@business.example.com\"}','0x8a620a56a249ae03b41012897b3b1c61367caf2c',2,'0xb5049c47ede1f3ff0575d396d57b4c6a1ecef556',3,'confirmed','[{\"note\": \"支付意图创建\", \"status\": \"created\", \"timestamp\": \"2025-04-12T13:50:00.708Z\"}, {\"note\": \"LP 0xb5049c47ede1f3ff0575d396d57b4c6a1ecef556 认领任务\", \"status\": \"claimed\", \"timestamp\": \"2025-04-12T13:50:24.613Z\"}, {\"note\": \"PayPal支付已捕获，订单ID: 32U44811Y61236539, 捕获ID: 8RT77734B09311412\", \"status\": \"paid\", \"timestamp\": \"2025-04-12T13:50:59.138Z\"}]','{\"status\": \"COMPLETED\", \"captureId\": \"8RT77734B09311412\", \"createTime\": \"2025-04-12T13:50:58Z\", \"paypalStatus\": \"COMPLETED\", \"merchantEmail\": \"sb-tawou39050381@business.example.com\", \"paypalOrderId\": \"32U44811Y61236539\", \"paypalCaptureId\": \"8RT77734B09311412\", \"transactionTime\": \"2025-04-12T13:50:59.138Z\"}','0xfe2cda061f3d98f0b2413ef25363915412e1daefd1959bc275b5f532e311054e','2025-04-12 14:20:24','2025-04-12 13:50:00','2025-04-12 13:52:10',NULL,'{\"platform\": \"PayPal\", \"merchantEmail\": \"sb-tawou39050381@business.example.com\", \"processingStarted\": \"2025-04-12T13:50:34.155Z\", \"paypalOrderCapture\": {\"captureId\": \"8RT77734B09311412\", \"captureTime\": \"2025-04-12T13:50:59.138Z\", \"captureStatus\": \"COMPLETED\"}, \"merchantEmailSource\": \"request\"}','sb-tawou39050381@business.example.com'),(156,10,'USD','通过UnitPay支付','PayPal','{\"platform\": \"PayPal\", \"paypalEmail\": \"sb-tawou39050381@business.example.com\"}','0x8a620a56a249ae03b41012897b3b1c61367caf2c',2,'0xb5049c47ede1f3ff0575d396d57b4c6a1ecef556',3,'confirmed','[{\"note\": \"支付意图创建\", \"status\": \"created\", \"timestamp\": \"2025-04-12T14:32:41.601Z\"}, {\"note\": \"LP 0xb5049c47ede1f3ff0575d396d57b4c6a1ecef556 认领任务\", \"status\": \"claimed\", \"timestamp\": \"2025-04-12T14:46:20.416Z\"}, {\"note\": \"PayPal支付已捕获，订单ID: 3MB18325GY989100K, 捕获ID: 25G51141WT275603W\", \"status\": \"paid\", \"timestamp\": \"2025-04-12T14:46:45.655Z\"}]','{\"status\": \"COMPLETED\", \"captureId\": \"25G51141WT275603W\", \"createTime\": \"2025-04-12T14:46:45Z\", \"paypalStatus\": \"COMPLETED\", \"merchantEmail\": \"sb-tawou39050381@business.example.com\", \"paypalOrderId\": \"3MB18325GY989100K\", \"paypalCaptureId\": \"25G51141WT275603W\", \"transactionTime\": \"2025-04-12T14:46:45.655Z\"}','0x658d1b8f3ec3d727c6680c62664448a6ca7da8b30b7604d041c30a224e21fcee','2025-04-12 15:16:20','2025-04-12 14:32:41','2025-04-12 14:47:32',NULL,'{\"platform\": \"PayPal\", \"merchantEmail\": \"sb-tawou39050381@business.example.com\", \"processingStarted\": \"2025-04-12T14:46:29.750Z\", \"paypalOrderCapture\": {\"captureId\": \"25G51141WT275603W\", \"captureTime\": \"2025-04-12T14:46:45.655Z\", \"captureStatus\": \"COMPLETED\"}, \"merchantEmailSource\": \"request\"}','sb-tawou39050381@business.example.com'),(157,10,'USD','通过UnitPay支付','PayPal','{\"platform\": \"PayPal\", \"paypalEmail\": \"sb-tawou39050381@business.example.com\"}','0x8a620a56a249ae03b41012897b3b1c61367caf2c',2,'0xb5049c47ede1f3ff0575d396d57b4c6a1ecef556',3,'confirmed','[{\"note\": \"支付意图创建\", \"status\": \"created\", \"timestamp\": \"2025-04-12T14:32:50.246Z\"}, {\"note\": \"LP 0xb5049c47ede1f3ff0575d396d57b4c6a1ecef556 认领任务\", \"status\": \"claimed\", \"timestamp\": \"2025-04-12T14:33:09.492Z\"}, {\"note\": \"PayPal支付已捕获，订单ID: 87N648796D106831V, 捕获ID: 5VV4553192368581A\", \"status\": \"paid\", \"timestamp\": \"2025-04-12T14:33:58.686Z\"}]','{\"status\": \"COMPLETED\", \"captureId\": \"5VV4553192368581A\", \"createTime\": \"2025-04-12T14:33:58Z\", \"paypalStatus\": \"COMPLETED\", \"merchantEmail\": \"sb-tawou39050381@business.example.com\", \"paypalOrderId\": \"87N648796D106831V\", \"paypalCaptureId\": \"5VV4553192368581A\", \"transactionTime\": \"2025-04-12T14:33:58.686Z\"}','0xd9efc8c0a40523cf9854c75ef4d55732876e5716c83ce3aae3746b27220f8c87','2025-04-12 15:03:09','2025-04-12 14:32:50','2025-04-12 14:35:07',NULL,'{\"platform\": \"PayPal\", \"merchantEmail\": \"sb-tawou39050381@business.example.com\", \"processingStarted\": \"2025-04-12T14:33:17.410Z\", \"paypalOrderCapture\": {\"captureId\": \"5VV4553192368581A\", \"captureTime\": \"2025-04-12T14:33:58.687Z\", \"captureStatus\": \"COMPLETED\"}, \"merchantEmailSource\": \"request\"}','sb-tawou39050381@business.example.com'),(158,10,'USD','通过UnitPay支付','PayPal','{\"platform\": \"PayPal\", \"paypalEmail\": \"sb-tawou39050381@business.example.com\"}','0x8a620a56a249ae03b41012897b3b1c61367caf2c',2,NULL,NULL,'expired','[{\"note\": \"支付意图创建\", \"status\": \"created\", \"timestamp\": \"2025-04-12T14:52:32.050Z\"}]',NULL,NULL,'2025-04-12 15:22:32','2025-04-12 14:52:32','2025-04-13 03:37:35',NULL,NULL,'sb-tawou39050381@business.example.com'),(159,10,'USD','通过UnitPay支付','PayPal','{\"platform\": \"PayPal\", \"paypalEmail\": \"sb-tawou39050381@business.example.com\"}','0x8a620a56a249ae03b41012897b3b1c61367caf2c',2,NULL,NULL,'expired','[{\"note\": \"支付意图创建\", \"status\": \"created\", \"timestamp\": \"2025-04-12T14:52:37.069Z\"}]',NULL,NULL,'2025-04-12 15:22:37','2025-04-12 14:52:37','2025-04-13 03:37:35',NULL,NULL,'sb-tawou39050381@business.example.com'),(160,10,'USD','通过UnitPay支付','PayPal','{\"platform\": \"PayPal\", \"paypalEmail\": \"sb-tawou39050381@business.example.com\"}','0x8a620a56a249ae03b41012897b3b1c61367caf2c',2,'0xb5049c47ede1f3ff0575d396d57b4c6a1ecef556',3,'confirmed','[{\"note\": \"支付意图创建\", \"status\": \"created\", \"timestamp\": \"2025-04-12T14:52:42.154Z\"}, {\"note\": \"LP 0xb5049c47ede1f3ff0575d396d57b4c6a1ecef556 认领任务\", \"status\": \"claimed\", \"timestamp\": \"2025-04-12T14:53:09.925Z\"}, {\"note\": \"PayPal支付已捕获，订单ID: 4J919699JR749834C, 捕获ID: 045734605N108864A\", \"status\": \"paid\", \"timestamp\": \"2025-04-12T14:53:35.535Z\"}]','{\"status\": \"COMPLETED\", \"captureId\": \"045734605N108864A\", \"createTime\": \"2025-04-12T14:53:35Z\", \"paypalStatus\": \"COMPLETED\", \"merchantEmail\": \"sb-tawou39050381@business.example.com\", \"paypalOrderId\": \"4J919699JR749834C\", \"paypalCaptureId\": \"045734605N108864A\", \"transactionTime\": \"2025-04-12T14:53:35.535Z\"}','0x053fb13dd73d30784eae836eb42978a4541e8d36b317e058198860caff7408e3','2025-04-12 15:23:09','2025-04-12 14:52:42','2025-04-12 14:54:08',NULL,'{\"platform\": \"PayPal\", \"merchantEmail\": \"sb-tawou39050381@business.example.com\", \"processingStarted\": \"2025-04-12T14:53:18.660Z\", \"paypalOrderCapture\": {\"captureId\": \"045734605N108864A\", \"captureTime\": \"2025-04-12T14:53:35.535Z\", \"captureStatus\": \"COMPLETED\"}, \"merchantEmailSource\": \"request\"}','sb-tawou39050381@business.example.com');
/*!40000 ALTER TABLE `payment_intents` ENABLE KEYS */;
UNLOCK TABLES;

--
-- Table structure for table `tasks`
--

DROP TABLE IF EXISTS `tasks`;
/*!40101 SET @saved_cs_client     = @@character_set_client */;
/*!40101 SET character_set_client = utf8 */;
CREATE TABLE `tasks` (
  `id` int NOT NULL AUTO_INCREMENT,
  `status` enum('pending','processing','completed','failed') COLLATE utf8mb4_unicode_ci DEFAULT 'pending',
  `type` varchar(255) COLLATE utf8mb4_unicode_ci NOT NULL,
  `data` json DEFAULT NULL,
  `result` json DEFAULT NULL,
  `error` text COLLATE utf8mb4_unicode_ci,
  `startTime` datetime DEFAULT NULL,
  `endTime` datetime DEFAULT NULL,
  `processingTimeout` int DEFAULT '300000',
  `retryCount` int DEFAULT '0',
  `maxRetries` int DEFAULT '3',
  `createdAt` datetime NOT NULL,
  `updatedAt` datetime NOT NULL,
  PRIMARY KEY (`id`)
) ENGINE=InnoDB AUTO_INCREMENT=14 DEFAULT CHARSET=utf8mb4 COLLATE=utf8mb4_unicode_ci;
/*!40101 SET character_set_client = @saved_cs_client */;

--
-- Dumping data for table `tasks`
--

LOCK TABLES `tasks` WRITE;
/*!40000 ALTER TABLE `tasks` DISABLE KEYS */;
INSERT INTO `tasks` VALUES (1,'pending','payment_intent_reset','{\"reason\": \"processing_timeout\", \"status\": \"created\", \"message\": \"订单处理超时，系统已自动重置 (订单ID: 108)\", \"currency\": \"USD\", \"platform\": \"PayPal\", \"timestamp\": \"2025-04-11T05:52:41.944Z\", \"description\": \"系统自动重置的订单 (processing_timeout)\", \"previousStatus\": \"processing\", \"lpWalletAddress\": null, \"paymentIntentId\": 108}',NULL,NULL,NULL,NULL,60000,0,3,'2025-04-11 05:52:41','2025-04-11 05:52:41'),(2,'pending','payment_intent_reset','{\"reason\": \"processing_timeout\", \"status\": \"created\", \"message\": \"订单处理超时，系统已自动重置 (订单ID: 109)\", \"currency\": \"USD\", \"platform\": \"PayPal\", \"timestamp\": \"2025-04-11T06:01:17.844Z\", \"description\": \"系统自动重置的订单 (processing_timeout)\", \"previousStatus\": \"processing\", \"lpWalletAddress\": null, \"paymentIntentId\": 109}',NULL,NULL,NULL,NULL,60000,0,3,'2025-04-11 06:01:17','2025-04-11 06:01:17'),(3,'pending','payment_intent_reset','{\"reason\": \"processing_timeout\", \"status\": \"created\", \"message\": \"订单处理超时，系统已自动重置 (订单ID: 108)\", \"currency\": \"USD\", \"platform\": \"PayPal\", \"timestamp\": \"2025-04-11T06:12:47.104Z\", \"description\": \"系统自动重置的订单 (processing_timeout)\", \"previousStatus\": \"processing\", \"lpWalletAddress\": null, \"paymentIntentId\": 108}',NULL,NULL,NULL,NULL,60000,0,3,'2025-04-11 06:12:47','2025-04-11 06:12:47'),(4,'pending','payment_intent_reset','{\"reason\": \"processing_timeout\", \"status\": \"created\", \"message\": \"订单处理超时，系统已自动重置 (订单ID: 109)\", \"currency\": \"USD\", \"platform\": \"PayPal\", \"timestamp\": \"2025-04-11T06:24:59.762Z\", \"description\": \"系统自动重置的订单 (processing_timeout)\", \"previousStatus\": \"processing\", \"lpWalletAddress\": null, \"paymentIntentId\": 109}',NULL,NULL,NULL,NULL,60000,0,3,'2025-04-11 06:24:59','2025-04-11 06:24:59'),(5,'pending','payment_intent_reset','{\"reason\": \"processing_timeout_forced\", \"status\": \"created\", \"message\": \"订单处理超时，系统已自动重置 (订单ID: 108)\", \"currency\": \"USD\", \"platform\": \"PayPal\", \"timestamp\": \"2025-04-11T07:22:15.818Z\", \"description\": \"系统自动重置的订单 (processing_timeout_forced)\", \"previousStatus\": \"processing\", \"lpWalletAddress\": null, \"paymentIntentId\": 108}',NULL,NULL,NULL,NULL,60000,0,3,'2025-04-11 07:22:15','2025-04-11 07:22:15'),(6,'pending','payment_intent_reset','{\"reason\": \"processing_timeout_forced\", \"status\": \"created\", \"message\": \"订单处理超时，系统已自动重置 (订单ID: 109)\", \"currency\": \"USD\", \"platform\": \"PayPal\", \"timestamp\": \"2025-04-11T07:26:51.756Z\", \"description\": \"系统自动重置的订单 (processing_timeout_forced)\", \"previousStatus\": \"processing\", \"lpWalletAddress\": null, \"paymentIntentId\": 109}',NULL,NULL,NULL,NULL,60000,0,3,'2025-04-11 07:26:51','2025-04-11 07:26:51'),(7,'pending','payment_intent_reset','{\"reason\": \"processing_timeout_forced\", \"status\": \"created\", \"message\": \"订单处理超时，系统已自动重置 (订单ID: 125)\", \"currency\": \"USD\", \"platform\": \"PayPal\", \"timestamp\": \"2025-04-12T02:52:56.117Z\", \"description\": \"系统自动重置的订单 (processing_timeout_forced)\", \"previousStatus\": \"processing\", \"lpWalletAddress\": null, \"paymentIntentId\": 125}',NULL,NULL,NULL,NULL,60000,0,3,'2025-04-12 02:52:56','2025-04-12 02:52:56'),(8,'pending','payment_intent_reset','{\"reason\": \"processing_timeout_forced\", \"status\": \"created\", \"message\": \"订单处理超时，系统已自动重置 (订单ID: 125)\", \"currency\": \"USD\", \"platform\": \"PayPal\", \"timestamp\": \"2025-04-12T02:52:56.119Z\", \"description\": \"系统自动重置的订单 (processing_timeout_forced)\", \"previousStatus\": \"processing\", \"lpWalletAddress\": null, \"paymentIntentId\": 125}',NULL,NULL,NULL,NULL,60000,0,3,'2025-04-12 02:52:56','2025-04-12 02:52:56'),(9,'pending','payment_intent_reset','{\"reason\": \"processing_timeout_forced\", \"status\": \"created\", \"message\": \"订单处理超时，系统已自动重置 (订单ID: 125)\", \"currency\": \"USD\", \"platform\": \"PayPal\", \"timestamp\": \"2025-04-12T02:57:01.472Z\", \"description\": \"系统自动重置的订单 (processing_timeout_forced)\", \"previousStatus\": \"processing\", \"lpWalletAddress\": null, \"paymentIntentId\": 125}',NULL,NULL,NULL,NULL,60000,0,3,'2025-04-12 02:57:01','2025-04-12 02:57:01'),(10,'pending','payment_intent_reset','{\"reason\": \"processing_timeout_forced\", \"status\": \"created\", \"message\": \"订单处理超时，系统已自动重置 (订单ID: 125)\", \"currency\": \"USD\", \"platform\": \"PayPal\", \"timestamp\": \"2025-04-12T02:57:01.474Z\", \"description\": \"系统自动重置的订单 (processing_timeout_forced)\", \"previousStatus\": \"processing\", \"lpWalletAddress\": null, \"paymentIntentId\": 125}',NULL,NULL,NULL,NULL,60000,0,3,'2025-04-12 02:57:01','2025-04-12 02:57:01'),(11,'pending','payment_intent_reset','{\"reason\": \"processing_timeout_forced\", \"status\": \"created\", \"message\": \"订单处理超时，系统已自动重置 (订单ID: 125)\", \"currency\": \"USD\", \"platform\": \"PayPal\", \"timestamp\": \"2025-04-12T03:00:46.757Z\", \"description\": \"系统自动重置的订单 (processing_timeout_forced)\", \"previousStatus\": \"processing\", \"lpWalletAddress\": null, \"paymentIntentId\": 125}',NULL,NULL,NULL,NULL,60000,0,3,'2025-04-12 03:00:46','2025-04-12 03:00:46'),(12,'pending','payment_intent_reset','{\"reason\": \"processing_timeout_forced\", \"status\": \"created\", \"message\": \"订单处理超时，系统已自动重置 (订单ID: 125)\", \"currency\": \"USD\", \"platform\": \"PayPal\", \"timestamp\": \"2025-04-12T03:07:15.309Z\", \"description\": \"系统自动重置的订单 (processing_timeout_forced)\", \"previousStatus\": \"processing\", \"lpWalletAddress\": null, \"paymentIntentId\": 125}',NULL,NULL,NULL,NULL,60000,0,3,'2025-04-12 03:07:15','2025-04-12 03:07:15'),(13,'pending','payment_intent_reset','{\"reason\": \"processing_timeout_forced\", \"status\": \"created\", \"message\": \"订单处理超时，系统已自动重置 (订单ID: 125)\", \"currency\": \"USD\", \"platform\": \"PayPal\", \"timestamp\": \"2025-04-12T03:07:15.312Z\", \"description\": \"系统自动重置的订单 (processing_timeout_forced)\", \"previousStatus\": \"processing\", \"lpWalletAddress\": null, \"paymentIntentId\": 125}',NULL,NULL,NULL,NULL,60000,0,3,'2025-04-12 03:07:15','2025-04-12 03:07:15');
/*!40000 ALTER TABLE `tasks` ENABLE KEYS */;
UNLOCK TABLES;

--
-- Table structure for table `users`
--

DROP TABLE IF EXISTS `users`;
/*!40101 SET @saved_cs_client     = @@character_set_client */;
/*!40101 SET character_set_client = utf8 */;
CREATE TABLE `users` (
  `id` int NOT NULL AUTO_INCREMENT,
  `walletAddress` varchar(255) COLLATE utf8mb4_unicode_ci NOT NULL,
  `username` varchar(255) COLLATE utf8mb4_unicode_ci DEFAULT '',
  `email` varchar(255) COLLATE utf8mb4_unicode_ci DEFAULT '',
  `isWalletVerified` tinyint(1) DEFAULT '0',
  `totalTransactions` int DEFAULT '0',
  `totalAmount` float DEFAULT '0',
  `successfulTransactions` int DEFAULT '0',
  `failedTransactions` int DEFAULT '0',
  `createdAt` datetime DEFAULT NULL,
  `updatedAt` datetime DEFAULT NULL,
  PRIMARY KEY (`id`),
  UNIQUE KEY `walletAddress` (`walletAddress`),
  UNIQUE KEY `walletAddress_2` (`walletAddress`),
  UNIQUE KEY `walletAddress_3` (`walletAddress`),
  UNIQUE KEY `walletAddress_4` (`walletAddress`),
  UNIQUE KEY `walletAddress_5` (`walletAddress`),
  UNIQUE KEY `walletAddress_6` (`walletAddress`),
  UNIQUE KEY `walletAddress_7` (`walletAddress`),
  UNIQUE KEY `walletAddress_8` (`walletAddress`),
  UNIQUE KEY `walletAddress_9` (`walletAddress`),
  UNIQUE KEY `walletAddress_10` (`walletAddress`),
  UNIQUE KEY `walletAddress_11` (`walletAddress`),
  UNIQUE KEY `walletAddress_12` (`walletAddress`),
  UNIQUE KEY `walletAddress_13` (`walletAddress`),
  UNIQUE KEY `walletAddress_14` (`walletAddress`),
  UNIQUE KEY `walletAddress_15` (`walletAddress`),
  UNIQUE KEY `walletAddress_16` (`walletAddress`),
  UNIQUE KEY `walletAddress_17` (`walletAddress`),
  UNIQUE KEY `walletAddress_18` (`walletAddress`),
  UNIQUE KEY `walletAddress_19` (`walletAddress`),
  UNIQUE KEY `walletAddress_20` (`walletAddress`),
  UNIQUE KEY `walletAddress_21` (`walletAddress`),
  UNIQUE KEY `walletAddress_22` (`walletAddress`),
  UNIQUE KEY `walletAddress_23` (`walletAddress`),
  UNIQUE KEY `walletAddress_24` (`walletAddress`),
  UNIQUE KEY `walletAddress_25` (`walletAddress`),
  UNIQUE KEY `walletAddress_26` (`walletAddress`),
  UNIQUE KEY `walletAddress_27` (`walletAddress`),
  UNIQUE KEY `walletAddress_28` (`walletAddress`),
  UNIQUE KEY `walletAddress_29` (`walletAddress`),
  UNIQUE KEY `walletAddress_30` (`walletAddress`),
  UNIQUE KEY `walletAddress_31` (`walletAddress`),
  UNIQUE KEY `walletAddress_32` (`walletAddress`),
  UNIQUE KEY `walletAddress_33` (`walletAddress`),
  UNIQUE KEY `walletAddress_34` (`walletAddress`),
  UNIQUE KEY `walletAddress_35` (`walletAddress`),
  UNIQUE KEY `walletAddress_36` (`walletAddress`),
  UNIQUE KEY `walletAddress_37` (`walletAddress`),
  UNIQUE KEY `walletAddress_38` (`walletAddress`),
  UNIQUE KEY `walletAddress_39` (`walletAddress`),
  UNIQUE KEY `walletAddress_40` (`walletAddress`),
  UNIQUE KEY `walletAddress_41` (`walletAddress`),
  UNIQUE KEY `walletAddress_42` (`walletAddress`),
  UNIQUE KEY `walletAddress_43` (`walletAddress`),
  UNIQUE KEY `walletAddress_44` (`walletAddress`),
  UNIQUE KEY `walletAddress_45` (`walletAddress`),
  UNIQUE KEY `walletAddress_46` (`walletAddress`),
  UNIQUE KEY `walletAddress_47` (`walletAddress`),
  UNIQUE KEY `walletAddress_48` (`walletAddress`),
  UNIQUE KEY `walletAddress_49` (`walletAddress`),
  UNIQUE KEY `walletAddress_50` (`walletAddress`),
  UNIQUE KEY `walletAddress_51` (`walletAddress`),
  UNIQUE KEY `walletAddress_52` (`walletAddress`),
  UNIQUE KEY `walletAddress_53` (`walletAddress`),
  UNIQUE KEY `walletAddress_54` (`walletAddress`),
  UNIQUE KEY `walletAddress_55` (`walletAddress`),
  UNIQUE KEY `walletAddress_56` (`walletAddress`),
  UNIQUE KEY `walletAddress_57` (`walletAddress`),
  UNIQUE KEY `walletAddress_58` (`walletAddress`),
  UNIQUE KEY `walletAddress_59` (`walletAddress`),
  UNIQUE KEY `walletAddress_60` (`walletAddress`),
  UNIQUE KEY `walletAddress_61` (`walletAddress`),
  UNIQUE KEY `walletAddress_62` (`walletAddress`),
  UNIQUE KEY `walletAddress_63` (`walletAddress`)
) ENGINE=InnoDB AUTO_INCREMENT=4 DEFAULT CHARSET=utf8mb4 COLLATE=utf8mb4_unicode_ci;
/*!40101 SET character_set_client = @saved_cs_client */;

--
-- Dumping data for table `users`
--

LOCK TABLES `users` WRITE;
/*!40000 ALTER TABLE `users` DISABLE KEYS */;
INSERT INTO `users` VALUES (1,'0xed4c2576a79d1bb10f9076a69b7def188a97909a','','',1,4,0,4,0,'2025-04-07 14:49:50','2025-04-08 01:53:24'),(2,'0x8a620a56a249ae03b41012897b3b1c61367caf2c','','',0,0,0,0,0,'2025-04-08 13:27:06','2025-04-08 13:27:06'),(3,'0xb5049c47ede1f3ff0575d396d57b4c6a1ecef556','','',0,0,0,0,0,'2025-04-09 04:58:34','2025-04-09 04:58:34');
/*!40000 ALTER TABLE `users` ENABLE KEYS */;
UNLOCK TABLES;
/*!40103 SET TIME_ZONE=@OLD_TIME_ZONE */;

/*!40101 SET SQL_MODE=@OLD_SQL_MODE */;
/*!40014 SET FOREIGN_KEY_CHECKS=@OLD_FOREIGN_KEY_CHECKS */;
/*!40014 SET UNIQUE_CHECKS=@OLD_UNIQUE_CHECKS */;
/*!40101 SET CHARACTER_SET_CLIENT=@OLD_CHARACTER_SET_CLIENT */;
/*!40101 SET CHARACTER_SET_RESULTS=@OLD_CHARACTER_SET_RESULTS */;
/*!40101 SET COLLATION_CONNECTION=@OLD_COLLATION_CONNECTION */;
/*!40111 SET SQL_NOTES=@OLD_SQL_NOTES */;

-- Dump completed on 2025-04-13 21:40:24
